"Дата","Цена","Откр.","Макс.","Мин.","Объём","Изм. %"
"02.01.2020","324,87","323,54","324,89","322,53","59,25M","0,94%"
"03.01.2020","322,41","321,16","323,64","321,10","77,78M","-0,76%"
"06.01.2020","323,64","320,49","323,73","320,36","55,76M","0,38%"
"07.01.2020","322,73","323,02","323,54","322,24","42,85M","-0,28%"
"08.01.2020","324,45","322,94","325,78","322,67","68,43M","0,53%"
"09.01.2020","326,65","326,16","326,73","325,52","48,57M","0,68%"
"10.01.2020","325,71","327,29","327,46","325,20","53,06M","-0,29%"
"13.01.2020","327,95","326,39","327,96","325,92","47,26M","0,69%"
"14.01.2020","327,45","327,47","328,62","326,84","63,04M","-0,15%"
"15.01.2020","328,19","327,35","329,02","327,26","72,06M","0,23%"
"16.01.2020","330,92","329,70","330,92","329,45","54,05M","0,83%"
"17.01.2020","331,95","331,70","332,18","330,85","95,85M","0,31%"
"21.01.2020","331,30","330,90","332,18","330,82","77,74M","-0,20%"
"22.01.2020","331,34","332,24","332,95","331,17","48,91M","0,01%"
"23.01.2020","331,72","330,63","332,17","329,41","51,96M","0,11%"
"24.01.2020","328,77","332,44","332,53","327,36","87,58M","-0,89%"
"27.01.2020","323,50","323,03","325,12","322,66","84,06M","-1,60%"
"28.01.2020","326,89","325,06","327,85","323,60","63,83M","1,05%"
"29.01.2020","326,62","328,38","328,63","326,40","54,04M","-0,08%"
"30.01.2020","327,68","324,36","327,91","323,54","75,49M","0,32%"
"31.01.2020","321,73","327,00","327,17","320,73","113,85M","-1,82%"
"03.02.2020","324,12","323,35","326,16","323,22","69,24M","0,74%"
"04.02.2020","329,06","328,07","330,01","327,72","62,57M","1,52%"
"05.02.2020","332,86","332,27","333,09","330,67","65,95M","1,15%"
"06.02.2020","333,98","333,91","334,19","332,80","50,36M","0,34%"
"07.02.2020","332,20","332,82","333,99","331,60","64,14M","-0,53%"
"10.02.2020","334,68","331,23","334,75","331,19","42,07M","0,75%"
"11.02.2020","335,26","336,16","337,02","334,68","54,86M","0,17%"
"12.02.2020","337,42","336,83","337,65","336,43","43,99M","0,64%"
"13.02.2020","337,06","335,86","338,12","335,56","54,50M","-0,11%"
"14.02.2020","337,60","337,51","337,73","336,20","64,58M","0,16%"
"18.02.2020","336,73","336,51","337,67","335,21","57,34M","-0,26%"
"19.02.2020","338,34","337,79","339,08","337,48","48,81M","0,48%"
"20.02.2020","336,95","337,74","338,64","333,68","74,16M","-0,41%"
"21.02.2020","333,48","335,47","335,81","332,58","113,79M","-1,03%"
"24.02.2020","322,42","323,14","333,56","321,24","161,09M","-3,32%"
"25.02.2020","312,65","323,94","324,61","311,69","218,91M","-3,03%"
"26.02.2020","311,50","314,18","318,11","310,70","194,77M","-0,37%"
"27.02.2020","297,51","305,46","311,56","297,51","284,35M","-4,49%"
"28.02.2020","296,26","288,70","297,89","285,54","385,76M","-0,42%"
"02.03.2020","309,09","298,21","309,16","294,46","238,70M","4,33%"
"03.03.2020","300,24","309,50","313,84","297,57","300,14M","-2,86%"
"04.03.2020","312,86","306,12","313,10","303,33","176,61M","4,20%"
"05.03.2020","302,46","304,98","308,47","300,01","186,37M","-3,32%"
"06.03.2020","297,46","293,15","298,78","290,23","228,67M","-1,65%"
"09.03.2020","274,23","275,30","284,19","273,45","309,42M","-7,81%"
"10.03.2020","288,42","284,64","288,52","273,50","276,44M","5,17%"
"11.03.2020","274,36","280,70","281,94","270,88","256,42M","-4,87%"
"12.03.2020","248,11","256,00","266,66","247,68","392,22M","-9,57%"
"13.03.2020","269,32","263,09","271,48","248,52","329,57M","8,55%"
"16.03.2020","239,85","241,18","256,90","237,36","297,24M","-10,94%"
"17.03.2020","252,80","245,04","256,17","237,07","262,07M","5,40%"
"18.03.2020","240,00","236,25","248,37","228,02","327,60M","-5,06%"
"19.03.2020","240,51","239,25","247,38","232,22","289,32M","0,21%"
"20.03.2020","228,80","242,53","244,47","228,50","347,16M","-4,87%"
"23.03.2020","222,95","228,19","229,68","218,26","326,03M","-2,56%"
"24.03.2020","243,15","234,42","244,10","233,80","235,49M","9,06%"
"25.03.2020","246,79","244,87","256,35","239,75","299,43M","1,50%"
"26.03.2020","261,20","249,52","262,80","249,05","257,63M","5,84%"
"27.03.2020","253,42","253,27","260,81","251,05","224,34M","-2,98%"
"30.03.2020","261,65","255,70","262,43","253,53","170,96M","3,25%"
"31.03.2020","257,75","260,56","263,33","256,22","194,88M","-1,49%"
"01.04.2020","246,15","247,98","257,66","243,90","189,55M","-4,50%"
"02.04.2020","251,83","245,19","252,68","244,59","177,66M","2,31%"
"03.04.2020","248,19","250,76","253,32","245,22","135,56M","-1,45%"
"06.04.2020","264,86","257,84","267,00","248,17","188,06M","6,72%"
"07.04.2020","265,13","274,21","275,03","264,89","201,43M","0,10%"
"08.04.2020","274,03","267,96","276,00","265,25","153,77M","3,36%"
"09.04.2020","278,20","277,58","281,20","275,47","190,28M","1,52%"
"13.04.2020","275,66","277,14","277,51","271,41","114,84M","-0,91%"
"14.04.2020","283,79","280,98","284,90","275,51","134,14M","2,95%"
"15.04.2020","277,76","277,57","283,94","275,46","121,78M","-2,12%"
"16.04.2020","279,10","279,15","280,03","275,76","131,80M","0,48%"
"17.04.2020","286,64","285,38","287,30","282,40","146,68M","2,70%"
"20.04.2020","281,59","282,61","286,79","281,35","100,11M","-1,76%"
"21.04.2020","273,04","276,73","278,04","272,02","126,39M","-3,04%"
"22.04.2020","279,10","278,35","281,00","276,91","93,52M","2,22%"
"23.04.2020","279,08","280,49","283,94","278,75","104,71M","-0,01%"
"24.04.2020","282,97","280,73","283,70","278,50","85,17M","1,39%"
"27.04.2020","287,05","285,12","288,27","284,62","77,90M","1,44%"
"28.04.2020","285,73","291,02","291,40","285,40","105,27M","-0,46%"
"29.04.2020","293,21","291,53","294,88","290,41","118,75M","2,62%"
"30.04.2020","290,48","291,71","293,32","288,59","122,90M","-0,93%"
"01.05.2020","282,79","285,31","290,66","281,52","125,18M","-2,65%"
"04.05.2020","283,57","280,74","283,90","279,13","80,87M","0,28%"
"05.05.2020","286,19","286,64","289,25","283,71","79,57M","0,92%"
"06.05.2020","284,25","288,04","288,46","283,78","73,63M","-0,68%"
"07.05.2020","287,68","287,75","289,78","287,13","75,25M","1,21%"
"08.05.2020","292,44","291,09","292,95","289,86","76,62M","1,65%"
"11.05.2020","292,50","290,34","294,00","289,88","79,51M","0,02%"
"12.05.2020","286,67","293,79","294,24","286,52","95,87M","-1,99%"
"13.05.2020","281,60","286,06","287,19","278,96","144,72M","-1,77%"
"14.05.2020","284,97","278,95","285,11","272,99","121,98M","1,20%"
"15.05.2020","286,28","282,37","286,33","281,34","111,15M","0,46%"
"18.05.2020","295,00","293,05","296,75","292,70","120,32M","3,05%"
"19.05.2020","291,97","294,35","296,20","291,95","95,19M","-1,03%"
"20.05.2020","296,93","295,82","297,87","295,57","85,86M","1,70%"
"21.05.2020","294,88","296,79","297,67","293,69","78,29M","-0,69%"
"22.05.2020","295,44","294,57","295,63","293,22","63,96M","0,19%"
"26.05.2020","299,08","301,93","302,19","295,46","88,95M","1,23%"
"27.05.2020","303,53","302,12","303,57","296,87","104,82M","1,49%"
"28.05.2020","302,97","304,65","306,84","302,24","90,77M","-0,18%"
"29.05.2020","304,32","302,46","304,96","299,47","119,27M","0,45%"
"01.06.2020","305,55","303,62","306,20","303,06","56,78M","0,40%"
"02.06.2020","308,08","306,55","308,13","305,10","74,27M","0,83%"
"03.06.2020","312,18","310,24","313,22","309,94","92,57M","1,33%"
"04.06.2020","311,36","311,11","313,00","309,08","75,79M","-0,26%"
"05.06.2020","319,34","317,23","321,27","317,16","150,52M","2,56%"
"08.06.2020","323,20","320,22","323,41","319,63","73,64M","1,21%"
"09.06.2020","320,79","320,30","323,28","319,36","77,48M","-0,75%"
"10.06.2020","319,00","321,42","322,39","318,22","95,00M","-0,56%"
"11.06.2020","300,61","311,46","312,15","300,01","209,24M","-5,76%"
"12.06.2020","304,21","308,24","309,08","298,60","194,68M","1,20%"
"15.06.2020","307,05","298,02","308,28","296,74","135,78M","0,93%"
"16.06.2020","312,96","315,48","315,64","307,67","137,63M","1,92%"
"17.06.2020","311,66","314,07","314,39","310,86","83,40M","-0,42%"
"18.06.2020","311,78","310,00","312,30","309,51","80,83M","0,04%"
"19.06.2020","308,64","314,17","314,38","306,53","135,55M","-1,01%"
"22.06.2020","310,62","307,99","311,05","306,75","74,65M","0,64%"
"23.06.2020","312,05","313,49","314,50","311,61","68,47M","0,46%"
"24.06.2020","304,09","309,84","310,51","302,10","132,81M","-2,55%"
"25.06.2020","307,35","303,47","307,64","301,28","89,47M","1,07%"
"26.06.2020","300,05","306,16","306,39","299,42","127,96M","-2,38%"
"29.06.2020","304,46","301,41","304,61","298,93","79,77M","1,47%"
"30.06.2020","308,36","303,99","310,20","303,82","113,39M","1,28%"
"01.07.2020","310,52","309,57","311,89","309,07","72,40M","0,70%"
"02.07.2020","312,23","314,24","315,70","311,51","69,34M","0,55%"
"06.07.2020","317,05","316,37","317,68","315,56","61,71M","1,54%"
"07.07.2020","313,78","315,38","317,52","313,37","82,91M","-1,03%"
"08.07.2020","316,18","314,61","316,30","312,70","54,64M","0,76%"
"09.07.2020","314,38","316,84","317,10","310,68","83,35M","-0,57%"
"10.07.2020","317,59","314,31","317,88","312,76","57,55M","1,02%"
"13.07.2020","314,84","320,13","322,71","314,13","103,00M","-0,87%"
"14.07.2020","318,92","313,30","319,76","312,00","93,66M","1,30%"
"15.07.2020","321,85","322,41","323,04","319,26","87,20M","0,92%"
"16.07.2020","320,79","319,79","321,28","319,09","54,62M","-0,33%"
"17.07.2020","321,72","321,88","322,57","319,74","62,77M","0,29%"
"20.07.2020","324,32","321,43","325,13","320,62","56,31M","0,81%"
"21.07.2020","325,01","326,45","326,93","323,94","57,50M","0,21%"
"22.07.2020","326,86","324,62","327,20","324,50","57,79M","0,57%"
"23.07.2020","322,96","326,47","327,23","321,48","75,74M","-1,19%"
"24.07.2020","320,88","320,95","321,99","319,25","73,77M","-0,64%"
"27.07.2020","323,22","321,63","323,41","320,77","48,29M","0,73%"
"28.07.2020","321,17","322,43","323,64","320,85","57,49M","-0,63%"
"29.07.2020","325,12","322,12","325,73","322,07","48,45M","1,23%"
"30.07.2020","323,96","321,90","324,41","319,64","61,86M","-0,36%"
"31.07.2020","326,52","325,90","326,63","321,33","85,21M","0,79%"
"03.08.2020","328,79","328,32","329,62","327,73","53,08M","0,70%"
"04.08.2020","330,06","327,86","330,06","327,86","41,92M","0,39%"
"05.08.2020","332,11","331,47","332,39","331,18","42,87M","0,62%"
"06.08.2020","334,33","331,48","334,46","331,13","43,68M","0,67%"
"07.08.2020","334,57","333,28","334,88","332,30","57,31M","0,07%"
"10.08.2020","335,57","335,06","335,77","332,95","44,28M","0,30%"
"11.08.2020","332,80","336,85","337,54","332,01","69,60M","-0,83%"
"12.08.2020","337,44","335,44","338,28","332,84","53,83M","1,39%"
"13.08.2020","336,83","336,61","338,25","335,83","41,82M","-0,18%"
"14.08.2020","336,84","336,41","337,42","335,62","47,26M","0,00%"
"17.08.2020","337,91","337,94","338,34","336,85","35,48M","0,32%"
"18.08.2020","338,64","338,34","339,10","336,61","38,73M","0,22%"
"19.08.2020","337,23","339,05","339,61","336,62","68,05M","-0,42%"
"20.08.2020","338,28","335,36","338,80","335,22","42,21M","0,31%"
"21.08.2020","339,48","337,92","339,72","337,55","55,11M","0,35%"
"24.08.2020","342,92","342,12","343,00","339,45","48,59M","1,01%"
"25.08.2020","344,12","343,53","344,21","342,27","38,46M","0,35%"
"26.08.2020","347,57","344,76","347,86","344,17","50,79M","1,00%"
"27.08.2020","348,33","348,51","349,90","346,53","58,03M","0,22%"
"28.08.2020","350,58","349,44","350,72","348,15","48,59M","0,65%"
"31.08.2020","349,31","350,35","351,30","349,06","66,10M","-0,36%"
"01.09.2020","352,60","350,21","352,71","349,24","55,00M","0,94%"
"02.09.2020","357,70","354,67","358,75","353,43","69,54M","1,45%"
"03.09.2020","345,39","355,87","356,38","342,59","148,01M","-3,44%"
"04.09.2020","342,57","346,13","347,83","334,87","139,16M","-0,82%"
"08.09.2020","333,21","336,71","342,64","332,88","114,47M","-2,73%"
"09.09.2020","339,79","337,55","342,46","336,61","91,46M","1,97%"
"10.09.2020","333,89","341,82","342,53","332,85","90,57M","-1,74%"
"11.09.2020","334,06","335,82","336,97","331,00","84,68M","0,05%"
"14.09.2020","338,46","337,49","340,38","334,22","65,61M","1,32%"
"15.09.2020","340,17","341,12","342,02","338,47","52,92M","0,51%"
"16.09.2020","338,82","341,51","343,06","338,52","82,21M","-0,40%"
"17.09.2020","335,84","333,56","337,70","332,99","91,52M","-0,88%"
"18.09.2020","330,65","335,37","335,49","327,97","105,88M","-1,55%"
"21.09.2020","326,97","325,70","327,13","321,73","99,45M","-1,11%"
"22.09.2020","330,30","328,57","330,90","325,86","63,61M","1,02%"
"23.09.2020","322,64","330,90","331,20","322,10","93,11M","-2,32%"
"24.09.2020","323,50","321,22","326,80","319,80","76,68M","0,27%"
"25.09.2020","328,73","322,58","329,58","321,64","71,07M","1,62%"
"28.09.2020","334,19","333,22","334,96","332,15","64,58M","1,66%"
"29.09.2020","332,37","333,97","334,77","331,62","51,53M","-0,54%"
"30.09.2020","334,89","333,09","338,29","332,88","104,08M","0,76%"
"01.10.2020","337,04","337,69","338,74","335,01","88,70M","0,64%"
"02.10.2020","333,84","331,70","337,01","331,19","89,43M","-0,95%"
"05.10.2020","339,76","336,06","339,96","336,01","45,71M","1,77%"
"06.10.2020","334,93","339,91","342,17","334,38","90,13M","-1,42%"
"07.10.2020","340,76","338,12","341,63","338,09","57,00M","1,74%"
"08.10.2020","343,78","342,85","343,85","341,86","45,24M","0,89%"
"09.10.2020","346,85","345,56","347,35","344,89","59,53M","0,89%"
"12.10.2020","352,43","349,59","354,02","349,06","80,39M","1,61%"
"13.10.2020","350,13","352,28","352,47","349,09","73,26M","-0,65%"
"14.10.2020","347,93","350,75","351,93","347,14","57,96M","-0,63%"
"15.10.2020","347,50","343,71","348,02","343,13","60,36M","-0,12%"
"16.10.2020","347,29","348,96","350,75","347,10","89,50M","-0,06%"
"19.10.2020","342,01","348,65","349,33","341,04","68,43M","-1,52%"
"20.10.2020","343,38","343,46","346,88","342,64","60,05M","0,40%"
"21.10.2020","342,73","343,33","348,68","342,40","63,57M","-0,19%"
"22.10.2020","344,61","342,96","345,24","340,65","55,40M","0,55%"
"23.10.2020","345,78","345,93","345,99","343,13","49,14M","0,34%"
"26.10.2020","339,39","342,13","342,98","335,62","91,47M","-1,85%"
"27.10.2020","338,22","339,76","340,12","337,99","65,99M","-0,34%"
"28.10.2020","326,66","332,10","338,25","326,13","127,09M","-3,42%"
"29.10.2020","329,98","326,91","333,39","325,09","90,60M","1,02%"
"30.10.2020","326,54","328,28","329,69","322,60","120,45M","-1,04%"
"02.11.2020","330,20","330,20","332,36","327,24","86,07M","1,12%"
"03.11.2020","336,03","333,69","338,25","330,29","93,29M","1,77%"
"04.11.2020","343,54","340,86","347,94","339,59","126,96M","2,23%"
"05.11.2020","350,24","349,24","352,19","348,86","82,04M","1,95%"
"06.11.2020","350,16","349,93","351,51","347,65","74,97M","-0,02%"
"09.11.2020","354,56","363,97","364,38","354,06","172,30M","1,26%"
"10.11.2020","354,04","353,49","355,18","350,51","85,55M","-0,15%"
"11.11.2020","356,67","356,40","357,56","355,06","58,65M","0,74%"
"12.11.2020","353,21","355,58","356,72","351,26","68,12M","-0,97%"
"13.11.2020","358,10","355,27","358,90","354,71","62,96M","1,38%"
"16.11.2020","362,57","360,98","362,78","359,59","74,54M","1,25%"
"17.11.2020","360,62","359,97","361,92","358,34","66,11M","-0,54%"
"18.11.2020","356,28","360,91","361,50","356,24","70,59M","-1,20%"
"19.11.2020","357,78","355,60","358,18","354,15","59,94M","0,42%"
"20.11.2020","355,33","357,50","357,72","355,25","70,41M","-0,68%"
"23.11.2020","357,46","357,28","358,82","354,87","63,23M","0,60%"
"24.11.2020","363,22","360,21","363,81","359,29","62,42M","1,61%"
"25.11.2020","362,66","363,13","363,16","361,48","45,33M","-0,15%"
"27.11.2020","363,67","363,84","364,18","362,58","28,51M","0,28%"
"30.11.2020","362,06","362,83","363,12","359,17","83,87M","-0,44%"
"01.12.2020","366,02","365,57","367,68","364,93","74,50M","1,09%"
"02.12.2020","366,79","364,82","366,96","364,20","45,93M","0,21%"
"03.12.2020","366,69","366,68","368,19","365,50","62,88M","-0,03%"
"04.12.2020","369,85","367,32","369,85","367,22","50,75M","0,86%"
"07.12.2020","369,09","369,02","369,62","367,72","48,94M","-0,21%"
"08.12.2020","370,17","367,72","370,78","367,67","42,46M","0,29%"
"09.12.2020","366,85","370,88","371,05","365,95","74,10M","-0,90%"
"10.12.2020","366,73","365,37","367,86","364,43","57,74M","-0,03%"
"11.12.2020","366,30","364,90","366,74","363,26","57,70M","-0,12%"
"14.12.2020","364,66","368,64","369,80","364,47","69,22M","-0,45%"
"15.12.2020","369,59","367,40","369,59","365,92","64,07M","1,35%"
"16.12.2020","370,17","369,82","371,16","368,87","58,42M","0,16%"
"17.12.2020","372,24","371,94","372,46","371,05","64,12M","0,56%"
"18.12.2020","369,18","370,97","371,15","367,02","136,54M","-0,82%"
"21.12.2020","367,86","364,97","378,46","362,03","96,39M","-0,36%"
"22.12.2020","367,24","368,21","368,33","366,03","48,39M","-0,17%"
"23.12.2020","367,57","368,28","369,62","367,22","46,20M","0,09%"
"24.12.2020","369,00","368,08","369,03","367,45","26,46M","0,39%"
"28.12.2020","372,17","371,74","372,59","371,07","39,00M","0,86%"
"29.12.2020","371,46","373,81","374,00","370,83","53,68M","-0,19%"
"30.12.2020","371,99","372,34","373,10","371,57","49,46M","0,14%"
"31.12.2020","373,88","371,78","374,66","371,23","78,52M","0,51%"
"04.01.2021","368,79","375,31","375,45","364,82","110,21M","-1,36%"
"05.01.2021","371,33","368,10","372,50","368,05","66,43M","0,69%"
"06.01.2021","373,55","369,71","376,98","369,12","108,00M","0,60%"
"07.01.2021","379,10","376,10","379,90","375,91","68,77M","1,49%"
"08.01.2021","381,26","380,59","381,49","377,10","71,68M","0,57%"
"11.01.2021","378,69","377,85","380,58","377,72","51,18M","-0,67%"
"12.01.2021","378,77","378,89","379,86","376,36","52,55M","0,02%"
"13.01.2021","379,79","378,69","380,86","377,85","45,30M","0,27%"
"14.01.2021","378,46","380,59","381,13","378,10","49,99M","-0,35%"
"15.01.2021","375,70","376,72","377,58","373,70","107,16M","-0,73%"
"19.01.2021","378,65","378,34","379,23","376,75","51,23M","0,79%"
"20.01.2021","383,89","381,11","384,79","380,69","61,84M","1,38%"
"21.01.2021","384,24","384,49","384,95","383,25","47,96M","0,09%"
"22.01.2021","382,88","382,25","384,13","381,83","52,14M","-0,35%"
"25.01.2021","384,39","383,67","384,77","378,46","70,40M","0,39%"
"26.01.2021","383,79","385,41","385,85","383,54","42,67M","-0,16%"
"27.01.2021","374,41","380,22","380,32","372,01","123,35M","-2,44%"
"28.01.2021","377,63","376,36","381,93","375,89","94,20M","0,86%"
"29.01.2021","370,07","375,63","376,67","368,27","126,77M","-2,00%"
"01.02.2021","376,23","373,72","377,34","370,38","75,82M","1,66%"
"02.02.2021","381,55","379,65","383,22","376,32","64,45M","1,41%"
"03.02.2021","381,85","382,44","383,70","380,48","52,43M","0,08%"
"04.02.2021","386,19","382,96","386,24","381,97","47,14M","1,14%"
"05.02.2021","387,71","388,20","388,47","386,14","48,67M","0,39%"
"08.02.2021","390,51","389,27","390,56","388,35","38,37M","0,72%"
"09.02.2021","390,25","389,61","390,89","389,17","35,55M","-0,07%"
"10.02.2021","390,08","392,12","392,28","387,50","59,15M","-0,04%"
"11.02.2021","390,71","391,24","391,69","388,10","42,91M","0,16%"
"12.02.2021","392,64","389,85","392,90","389,77","50,59M","0,49%"
"16.02.2021","392,30","393,96","394,17","391,53","50,97M","-0,09%"
"17.02.2021","392,39","390,42","392,66","389,33","52,81M","0,02%"
"18.02.2021","390,72","389,59","391,51","387,74","59,71M","-0,43%"
"19.02.2021","390,03","392,07","392,38","389,55","83,24M","-0,18%"
"22.02.2021","387,03","387,06","389,62","386,74","67,41M","-0,77%"
"23.02.2021","387,50","384,66","388,94","380,20","107,28M","0,12%"
"24.02.2021","391,77","386,33","392,23","385,27","72,43M","1,10%"
"25.02.2021","382,33","390,41","391,88","380,78","146,67M","-2,41%"
"26.02.2021","380,36","384,35","385,58","378,23","152,70M","-0,52%"
"01.03.2021","389,58","385,59","390,92","380,57","105,35M","2,42%"
"02.03.2021","386,54","389,82","390,07","386,00","79,60M","-0,78%"
"03.03.2021","381,42","385,79","386,83","381,31","119,94M","-1,32%"
"04.03.2021","376,70","381,22","384,00","371,88","183,43M","-1,24%"
"05.03.2021","383,63","380,46","384,76","372,64","152,04M","1,84%"
"08.03.2021","381,72","384,66","387,68","381,42","123,15M","-0,50%"
"09.03.2021","387,17","385,85","389,91","381,73","113,63M","1,43%"
"10.03.2021","389,58","389,69","391,40","388,17","109,90M","0,62%"
"11.03.2021","393,53","392,23","395,65","391,74","86,25M","1,01%"
"12.03.2021","394,06","392,07","394,21","391,20","64,65M","0,13%"
"15.03.2021","396,41","394,33","396,69","392,03","73,59M","0,60%"
"16.03.2021","395,91","397,07","397,83","395,08","73,72M","-0,13%"
"17.03.2021","397,26","394,53","398,12","393,30","97,96M","0,34%"
"18.03.2021","391,48","394,48","396,72","390,75","115,35M","-1,45%"
"19.03.2021","389,48","389,88","391,57","387,15","113,62M","-0,51%"
"22.03.2021","392,59","390,03","394,07","389,97","73,78M","0,80%"
"23.03.2021","389,50","391,91","393,46","388,66","90,69M","-0,79%"
"24.03.2021","387,52","391,00","392,75","387,47","97,59M","-0,51%"
"25.03.2021","389,70","385,98","390,55","383,90","116,13M","0,56%"
"26.03.2021","395,98","390,93","396,41","390,29","114,41M","1,61%"
"29.03.2021","395,78","394,40","396,75","392,81","108,11M","-0,05%"
"30.03.2021","394,73","394,42","395,45","393,02","76,26M","-0,27%"
"31.03.2021","396,33","395,34","398,00","395,31","112,73M","0,41%"
"01.04.2021","400,61","398,40","400,67","398,18","99,68M","1,08%"
"05.04.2021","406,36","403,46","406,94","403,38","91,68M","1,44%"
"06.04.2021","406,12","405,76","407,24","405,40","62,02M","-0,06%"
"07.04.2021","406,59","405,94","406,96","405,45","55,84M","0,12%"
"08.04.2021","408,52","407,93","408,58","406,93","57,86M","0,47%"
"09.04.2021","411,49","408,39","411,67","408,26","61,10M","0,73%"
"12.04.2021","411,64","410,85","411,93","410,20","56,70M","0,04%"
"13.04.2021","412,86","411,53","413,53","411,12","56,55M","0,30%"
"14.04.2021","411,45","412,83","413,96","410,87","61,66M","-0,34%"
"15.04.2021","415,87","413,74","416,16","413,69","60,23M","1,07%"
"16.04.2021","417,26","417,25","417,91","415,73","82,04M","0,33%"
"19.04.2021","415,21","416,26","416,74","413,79","78,50M","-0,49%"
"20.04.2021","412,17","413,91","415,09","410,59","81,85M","-0,73%"
"21.04.2021","416,07","411,51","416,29","411,36","66,79M","0,95%"
"22.04.2021","412,27","415,89","416,78","411,13","97,58M","-0,91%"
"23.04.2021","416,74","412,87","418,25","412,79","73,28M","1,08%"
"26.04.2021","417,61","417,44","418,22","416,81","52,18M","0,21%"
"27.04.2021","417,52","417,93","418,14","416,30","51,30M","-0,02%"
"28.04.2021","417,40","417,81","419,01","416,90","51,24M","-0,03%"
"29.04.2021","420,06","420,32","420,72","416,44","78,54M","0,64%"
"30.04.2021","417,30","417,63","418,54","416,34","85,53M","-0,66%"
"03.05.2021","418,20","419,43","419,84","417,67","68,13M","0,22%"
"04.05.2021","415,62","416,07","416,60","411,67","101,59M","-0,62%"
"05.05.2021","415,75","417,38","417,63","414,94","60,28M","0,03%"
"06.05.2021","419,07","415,83","419,21","413,68","74,32M","0,80%"
"07.05.2021","422,12","419,89","422,81","419,16","67,73M","0,73%"
"10.05.2021","417,94","422,50","422,74","417,81","81,85M","-0,99%"
"11.05.2021","414,21","413,10","415,27","410,06","116,89M","-0,89%"
"12.05.2021","405,41","411,23","412,59","404,00","134,81M","-2,12%"
"13.05.2021","410,28","407,07","412,35","407,02","106,39M","1,20%"
"14.05.2021","416,58","413,21","417,49","413,18","82,20M","1,54%"
"17.05.2021","415,52","415,39","416,39","413,36","65,13M","-0,25%"
"18.05.2021","411,94","415,80","416,06","411,77","59,81M","-0,86%"
"19.05.2021","410,86","406,92","411,05","405,33","106,47M","-0,26%"
"20.05.2021","415,28","411,80","416,62","411,67","78,02M","1,08%"
"21.05.2021","414,94","416,87","418,20","414,45","76,58M","-0,08%"
"24.05.2021","419,17","417,34","420,32","417,08","51,38M","1,02%"
"25.05.2021","418,24","420,33","420,71","417,62","57,45M","-0,22%"
"26.05.2021","419,07","418,87","419,61","417,76","43,09M","0,20%"
"27.05.2021","419,29","420,17","420,72","418,99","56,71M","0,05%"
"28.05.2021","420,04","420,97","421,25","419,79","58,52M","0,18%"
"01.06.2021","419,67","422,57","422,72","419,20","54,22M","-0,09%"
"02.06.2021","420,33","420,37","421,23","419,29","49,10M","0,16%"
"03.06.2021","418,77","417,85","419,99","416,28","58,14M","-0,37%"
"04.06.2021","422,60","420,75","422,92","418,84","55,94M","0,91%"
"07.06.2021","422,19","422,59","422,78","421,19","51,56M","-0,10%"
"08.06.2021","422,28","423,11","423,21","420,32","47,13M","0,02%"
"09.06.2021","421,65","423,18","423,26","421,41","48,44M","-0,15%"
"10.06.2021","423,61","422,96","424,63","421,55","51,02M","0,46%"
"11.06.2021","424,31","424,20","424,43","422,82","45,57M","0,17%"
"14.06.2021","425,26","424,43","425,37","423,10","42,36M","0,22%"
"15.06.2021","424,48","425,42","425,44","423,55","51,51M","-0,18%"
"16.06.2021","422,11","424,72","424,83","419,97","80,39M","-0,56%"
"17.06.2021","421,97","421,73","422,99","419,35","90,95M","-0,03%"
"18.06.2021","414,92","417,17","417,81","414,76","118,68M","-1,67%"
"21.06.2021","420,86","416,80","421,06","415,93","72,82M","1,43%"
"22.06.2021","423,11","420,90","423,98","420,10","57,70M","0,53%"
"23.06.2021","422,60","423,27","424,03","422,56","49,45M","-0,12%"
"24.06.2021","425,10","424,94","425,55","424,63","45,11M","0,59%"
"25.06.2021","426,61","426,05","427,07","425,57","58,13M","0,36%"
"28.06.2021","427,47","427,21","427,64","425,89","53,16M","0,20%"
"29.06.2021","427,70","427,88","428,56","427,13","35,97M","0,05%"
"30.06.2021","428,06","427,33","428,70","427,28","64,83M","0,08%"
"01.07.2021","430,43","428,93","430,53","428,82","53,44M","0,55%"
"02.07.2021","433,72","431,67","434,10","430,52","57,70M","0,76%"
"03.07.2021","433,72","433,72","433,72","433,72","","0,00%"
"04.07.2021","433,72","433,72","433,72","433,72","","0,00%"
"05.07.2021","433,72","433,72","433,72","433,72","","0,00%"
"06.07.2021","432,93","433,72","433,95","430,01","68,71M","-0,18%"
"07.07.2021","434,46","433,68","434,75","431,52","63,55M","0,35%"
"08.07.2021","430,92","428,75","431,72","427,58","97,60M","-0,81%"
"09.07.2021","435,52","432,59","435,77","432,33","76,24M","1,07%"
"12.07.2021","437,08","435,48","437,25","434,98","52,89M","0,36%"
"13.07.2021","435,59","436,28","437,83","435,32","52,91M","-0,34%"
"14.07.2021","436,24","437,45","437,90","434,92","64,13M","0,15%"
"15.07.2021","434,75","434,92","435,52","432,75","55,13M","-0,34%"
"16.07.2021","431,34","436,01","436,05","430,93","75,87M","-0,78%"
"19.07.2021","424,97","426,19","431,41","421,97","147,99M","-1,48%"
"20.07.2021","431,06","425,68","432,42","424,83","99,61M","1,43%"
"21.07.2021","434,55","432,34","434,70","431,01","64,72M","0,81%"
"22.07.2021","435,46","434,74","435,72","433,69","47,88M","0,21%"
"23.07.2021","439,94","437,52","440,30","436,79","63,77M","1,03%"
"26.07.2021","441,02","439,32","441,02","439,26","43,72M","0,25%"
"27.07.2021","439,01","439,92","439,92","435,99","67,40M","-0,46%"
"28.07.2021","438,83","439,65","440,27","437,42","52,47M","-0,04%"
"29.07.2021","440,65","439,90","441,79","439,90","47,44M","0,41%"
"30.07.2021","438,51","437,97","440,05","437,79","68,95M","-0,49%"
"02.08.2021","437,59","440,30","440,85","437,31","58,78M","-0,21%"
"03.08.2021","441,15","438,53","441,17","436,12","58,05M","0,81%"
"04.08.2021","438,98","439,78","440,39","438,74","46,73M","-0,49%"
"05.08.2021","441,76","440,26","441,79","439,91","38,97M","0,63%"
"06.08.2021","442,49","442,19","442,91","441,81","46,93M","0,17%"
"07.08.2021","442,49","442,49","442,49","442,49","","0,00%"
"08.08.2021","442,49","442,49","442,49","442,49","","0,00%"
"09.08.2021","442,13","442,49","442,79","441,37","41,22M","-0,08%"
"10.08.2021","442,68","442,64","443,43","441,91","43,34M","0,12%"
"11.08.2021","443,78","443,76","443,88","442,63","44,03M","0,25%"
"12.08.2021","445,11","443,54","445,25","442,67","38,94M","0,30%"
"13.08.2021","445,92","445,59","445,94","445,07","39,47M","0,18%"
"16.08.2021","446,97","444,68","447,08","442,92","73,93M","0,24%"
"17.08.2021","444,04","444,18","444,96","440,89","92,67M","-0,66%"
"18.08.2021","439,18","442,86","444,61","438,96","89,35M","-1,09%"
"19.08.2021","439,86","436,19","441,12","436,17","92,81M","0,15%"
"20.08.2021","443,36","440,23","443,71","439,71","72,01M","0,80%"
"23.08.2021","447,26","445,16","448,22","445,16","54,97M","0,88%"
"24.08.2021","447,97","447,97","448,54","447,42","36,54M","0,16%"
"25.08.2021","448,91","448,21","449,44","447,80","40,53M","0,21%"
"26.08.2021","446,26","448,62","448,84","446,16","57,83M","-0,59%"
"27.08.2021","450,25","447,12","450,65","447,06","77,24M","0,89%"
"30.08.2021","452,23","451,03","453,07","450,73","48,36M","0,44%"
"31.08.2021","451,56","452,12","452,49","450,95","59,30M","-0,15%"
"01.09.2021","451,80","452,55","453,10","451,55","48,72M","0,05%"
"02.09.2021","453,19","453,36","454,01","451,92","42,83M","0,31%"
"03.09.2021","453,08","451,98","453,63","451,55","47,23M","-0,02%"
"07.09.2021","451,46","452,77","452,77","450,77","51,67M","-0,36%"
"08.09.2021","450,91","450,89","451,65","448,86","56,18M","-0,12%"
"09.09.2021","448,98","450,65","452,52","448,73","57,97M","-0,43%"
"10.09.2021","445,44","451,04","451,49","445,31","89,95M","-0,79%"
"13.09.2021","446,58","448,69","448,88","444,15","83,74M","0,26%"
"14.09.2021","444,17","448,24","448,29","443,23","78,20M","-0,54%"
"15.09.2021","447,88","444,73","448,40","443,45","78,79M","0,84%"
"16.09.2021","447,17","447,40","448,35","444,03","77,79M","-0,16%"
"17.09.2021","441,40","444,92","445,37","441,02","118,43M","-1,29%"
"20.09.2021","434,04","434,65","436,51","428,87","166,45M","-1,67%"
"21.09.2021","433,63","436,67","437,87","433,08","92,53M","-0,09%"
"22.09.2021","437,86","436,14","440,02","435,08","102,35M","0,98%"
"23.09.2021","443,18","439,82","444,87","439,62","76,40M","1,22%"
"24.09.2021","443,91","441,44","444,67","441,21","62,10M","0,16%"
"27.09.2021","442,64","442,81","444,03","441,97","61,37M","-0,29%"
"28.09.2021","433,72","439,37","440,02","433,02","130,44M","-2,02%"
"29.09.2021","434,45","435,09","437,02","433,87","82,33M","0,17%"
"30.09.2021","429,14","435,92","436,74","429,08","140,51M","-1,22%"
"01.10.2021","434,24","430,98","436,03","427,23","129,24M","1,19%"
"04.10.2021","428,64","432,96","433,92","426,39","128,57M","-1,29%"
"05.10.2021","433,10","430,24","435,49","429,39","90,68M","1,04%"
"06.10.2021","434,90","429,18","435,10","427,55","113,03M","0,42%"
"07.10.2021","438,66","438,37","441,66","438,22","72,44M","0,86%"
"08.10.2021","437,86","439,48","439,89","437,19","74,56M","-0,18%"
"11.10.2021","434,69","437,16","440,24","434,66","65,23M","-0,72%"
"12.10.2021","433,62","435,68","436,09","432,80","71,18M","-0,25%"
"13.10.2021","435,18","434,71","436,05","431,54","72,97M","0,36%"
"14.10.2021","442,50","439,22","442,64","438,60","70,24M","1,68%"
"15.10.2021","445,87","444,75","446,26","444,09","66,26M","0,76%"
"18.10.2021","447,19","444,06","447,54","443,31","62,21M","0,30%"
"19.10.2021","450,64","448,99","450,67","448,30","47,00M","0,77%"
"20.10.2021","452,41","451,03","452,71","451,03","49,57M","0,39%"
"21.10.2021","453,59","451,70","453,81","451,32","41,31M","0,26%"
"22.10.2021","453,12","453,13","454,67","451,05","58,85M","-0,10%"
"25.10.2021","455,55","454,25","455,89","452,40","45,21M","0,54%"
"26.10.2021","455,96","457,26","458,48","455,59","56,08M","0,09%"
"27.10.2021","453,94","456,53","457,11","453,90","72,44M","-0,44%"
"28.10.2021","458,32","455,68","458,38","455,62","51,44M","0,96%"
"29.10.2021","459,25","455,87","459,56","455,56","70,16M","0,20%"
"01.11.2021","460,04","460,32","460,68","458,21","48,43M","0,17%"
"02.11.2021","461,90","460,29","462,22","460,12","48,91M","0,40%"
"03.11.2021","464,72","461,30","465,06","460,83","52,51M","0,61%"
"04.11.2021","466,91","465,40","466,99","465,02","52,85M","0,47%"
"05.11.2021","468,53","469,28","470,65","466,92","66,39M","0,35%"
"08.11.2021","468,93","469,77","470,20","468,22","50,41M","0,09%"
"09.11.2021","467,38","469,47","469,55","465,88","51,15M","-0,33%"
"10.11.2021","463,62","465,55","467,38","462,06","69,43M","-0,80%"
"11.11.2021","463,77","465,21","465,29","463,75","34,34M","0,03%"
"12.11.2021","467,27","465,12","467,86","464,11","53,47M","0,75%"
"15.11.2021","467,43","468,66","468,71","466,25","46,98M","0,03%"
"16.11.2021","469,28","467,24","470,48","467,11","48,86M","0,40%"
"17.11.2021","468,14","469,00","469,19","467,48","46,54M","-0,24%"
"18.11.2021","469,73","469,24","470,01","466,34","50,63M","0,34%"
"19.11.2021","468,89","469,61","470,94","468,50","57,32M","-0,18%"
"22.11.2021","467,57","470,89","473,52","467,40","72,76M","-0,28%"
"23.11.2021","468,19","467,17","469,06","464,47","73,21M","0,13%"
"24.11.2021","469,44","466,06","469,57","465,19","61,86M","0,27%"
"26.11.2021","458,97","462,34","463,90","457,77","112,65M","-2,23%"
"29.11.2021","464,60","464,09","466,54","461,76","86,27M","1,23%"
"30.11.2021","455,56","462,03","463,99","455,34","148,56M","-1,95%"
"01.12.2021","450,50","461,76","464,67","450,44","132,49M","-1,11%"
"02.12.2021","457,40","450,60","459,04","450,41","127,64M","1,53%"
"03.12.2021","453,42","459,17","460,30","448,92","137,33M","-0,87%"
"06.12.2021","458,79","456,13","460,79","453,56","97,88M","1,18%"
"07.12.2021","468,28","464,41","468,88","458,65","93,79M","2,07%"
"08.12.2021","469,52","468,70","470,00","466,83","71,47M","0,26%"
"09.12.2021","466,35","468,15","469,63","466,14","59,48M","-0,68%"
"10.12.2021","470,74","469,23","470,90","466,51","77,16M","0,94%"
"13.12.2021","466,57","470,19","470,56","466,27","84,99M","-0,89%"
"14.12.2021","463,36","463,09","465,74","460,25","95,49M","-0,69%"
"15.12.2021","470,60","463,42","470,86","460,74","115,78M","1,56%"
"16.12.2021","466,45","472,57","472,87","464,80","114,77M","-0,88%"
"17.12.2021","459,87","461,55","464,74","458,06","135,64M","-1,41%"
"20.12.2021","454,98","454,48","455,40","451,14","105,77M","-1,06%"
"21.12.2021","463,06","458,61","463,21","456,31","68,08M","1,78%"
"22.12.2021","467,69","462,79","467,81","462,58","56,78M","1,00%"
"23.12.2021","470,60","468,75","472,19","468,64","56,44M","0,62%"
"27.12.2021","477,26","472,06","477,31","472,01","55,10M","1,42%"
"28.12.2021","476,87","477,72","478,81","476,06","44,97M","-0,08%"
"29.12.2021","477,48","476,98","478,56","475,92","53,08M","0,13%"
"30.12.2021","476,16","477,93","479,00","475,67","51,51M","-0,28%"
"31.12.2021","474,96","475,64","476,86","474,67","65,24M","-0,25%"
"03.01.2022","477,71","476,30","477,85","473,85","71,51M","0,58%"
"04.01.2022","477,55","479,22","479,98","475,58","68,19M","-0,03%"
"05.01.2022","468,38","477,16","477,98","468,28","100,64M","-1,92%"
"06.01.2022","467,94","467,89","470,82","465,43","85,72M","-0,09%"
"07.01.2022","466,09","467,95","469,20","464,65","85,11M","-0,40%"
"10.01.2022","465,51","462,70","465,74","456,60","116,54M","-0,12%"
"11.01.2022","469,75","465,23","469,85","462,05","73,58M","0,91%"
"12.01.2022","471,02","471,59","473,20","468,94","65,15M","0,27%"
"13.01.2022","464,53","472,19","472,88","463,44","89,39M","-1,38%"
"14.01.2022","464,72","461,19","465,09","459,90","95,89M","0,04%"
"18.01.2022","456,49","459,74","459,96","455,31","108,94M","-1,77%"
"19.01.2022","451,75","458,13","459,61","451,46","107,00M","-1,04%"
"20.01.2022","446,75","453,75","458,74","444,50","118,81M","-1,11%"
"21.01.2022","437,98","445,56","448,06","437,95","202,27M","-1,96%"
"24.01.2022","439,84","432,03","440,38","420,76","250,45M","0,42%"
"25.01.2022","434,47","433,06","439,72","427,15","163,89M","-1,22%"
"26.01.2022","433,38","440,72","444,04","428,86","185,02M","-0,25%"
"27.01.2022","431,24","438,26","441,59","429,45","147,25M","-0,49%"
"28.01.2022","441,95","432,68","442,00","427,82","164,46M","2,48%"
"31.01.2022","449,91","441,24","450,28","439,81","150,62M","1,80%"
"01.02.2022","452,95","450,68","453,63","446,94","119,94M","0,68%"
"02.02.2022","457,35","455,50","458,12","453,05","115,95M","0,97%"
"03.02.2022","446,60","450,95","452,97","445,71","113,49M","-2,35%"
"04.02.2022","448,70","446,35","452,78","443,83","118,45M","0,47%"
"07.02.2022","447,26","449,51","450,99","445,85","83,54M","-0,32%"
"08.02.2022","450,94","446,73","451,92","445,22","81,01M","0,82%"
"09.02.2022","457,54","455,22","457,88","455,01","90,93M","1,46%"
"10.02.2022","449,32","451,34","457,71","447,20","136,50M","-1,80%"
"11.02.2022","440,46","449,41","451,61","438,94","153,21M","-1,97%"
"14.02.2022","439,02","439,92","441,60","435,34","121,25M","-0,33%"
"15.02.2022","446,10","443,73","446,28","443,18","86,16M","1,61%"
"16.02.2022","446,60","443,93","448,05","441,94","84,23M","0,11%"
"17.02.2022","437,06","443,22","446,57","436,42","101,56M","-2,14%"
"18.02.2022","434,23","437,33","438,66","431,82","132,64M","-0,65%"
"22.02.2022","429,57","431,89","435,50","425,86","123,14M","-1,07%"
"23.02.2022","421,95","432,66","433,26","421,35","129,09M","-1,77%"
"24.02.2022","428,30","411,02","428,76","410,64","209,08M","1,50%"
"25.02.2022","437,75","429,61","437,84","427,86","121,80M","2,21%"
"28.02.2022","436,63","432,03","438,20","430,70","143,48M","-0,26%"
"01.03.2022","429,98","435,04","437,17","427,11","136,29M","-1,52%"
"02.03.2022","437,89","432,37","439,72","431,57","116,86M","1,84%"
"03.03.2022","435,71","440,47","441,11","433,80","103,70M","-0,50%"
"04.03.2022","432,17","431,75","433,37","427,88","114,08M","-0,81%"
"07.03.2022","419,43","431,55","432,30","419,36","135,43M","-2,95%"
"08.03.2022","416,25","419,62","427,21","415,12","163,43M","-0,76%"
"09.03.2022","427,41","425,14","429,51","422,82","115,71M","2,68%"
"10.03.2022","425,48","422,52","426,43","420,44","93,27M","-0,45%"
"11.03.2022","420,07","428,12","428,77","419,53","95,64M","-1,27%"
"14.03.2022","417,00","420,89","424,55","415,79","95,73M","-0,73%"
"15.03.2022","426,17","419,77","426,84","418,42","105,39M","2,20%"
"16.03.2022","435,62","429,89","435,68","424,80","143,39M","2,22%"
"17.03.2022","441,07","433,59","441,07","433,19","101,03M","1,25%"
"18.03.2022","444,52","438,00","444,86","437,22","106,35M","0,78%"
"21.03.2022","444,39","444,34","446,46","440,68","88,35M","-0,03%"
"22.03.2022","449,59","445,86","450,58","445,86","73,78M","1,17%"
"23.03.2022","443,80","446,91","448,49","443,71","78,36M","-1,29%"
"24.03.2022","450,49","445,94","450,50","444,76","63,86M","1,51%"
"25.03.2022","452,69","451,16","452,98","448,43","77,10M","0,49%"
"28.03.2022","455,91","452,06","455,91","450,06","67,91M","0,71%"
"29.03.2022","461,55","460,02","462,07","457,18","85,67M","1,24%"
"30.03.2022","458,70","460,34","461,20","456,46","79,01M","-0,62%"
"31.03.2022","451,64","457,89","458,76","451,16","119,66M","-1,54%"
"01.04.2022","452,92","453,31","453,46","449,14","89,05M","0,28%"
"04.04.2022","456,80","453,13","456,91","452,26","57,92M","0,86%"
"05.04.2022","451,03","455,22","457,83","449,82","72,92M","-1,26%"
"06.04.2022","446,52","446,89","448,93","443,47","106,90M","-1,00%"
"07.04.2022","448,77","445,59","450,69","443,53","77,38M","0,50%"
"08.04.2022","447,57","447,97","450,63","445,94","79,27M","-0,27%"
"11.04.2022","439,92","444,11","445,00","439,39","86,88M","-1,71%"
"12.04.2022","438,29","443,08","445,75","436,65","82,67M","-0,37%"
"13.04.2022","443,31","438,03","444,11","437,84","72,17M","1,15%"
"14.04.2022","437,79","443,55","444,73","437,68","97,87M","-1,25%"
"18.04.2022","437,97","436,81","439,75","435,61","63,93M","0,04%"
"19.04.2022","445,04","437,86","445,80","437,68","75,80M","1,61%"
"20.04.2022","444,71","446,92","447,57","443,48","64,43M","-0,07%"
"21.04.2022","438,06","448,54","450,01","437,10","84,62M","-1,50%"
"22.04.2022","426,04","436,91","438,08","425,44","132,47M","-2,74%"
"25.04.2022","428,51","423,67","428,69","418,84","117,37M","0,58%"
"26.04.2022","416,10","425,83","426,04","416,07","101,81M","-2,90%"
"27.04.2022","417,27","417,24","422,92","415,01","117,74M","0,28%"
"28.04.2022","427,81","422,29","429,64","417,60","103,49M","2,53%"
"29.04.2022","412,00","423,59","425,87","411,21","145,49M","-3,70%"
"02.05.2022","414,48","412,07","415,92","405,02","156,91M","0,60%"
"03.05.2022","416,38","415,01","418,93","413,36","100,03M","0,46%"
"04.05.2022","429,06","417,08","429,66","413,71","144,25M","3,05%"
"05.05.2022","413,81","424,55","425,00","409,44","172,93M","-3,55%"
"06.05.2022","411,34","411,10","414,80","405,73","151,77M","-0,60%"
"09.05.2022","398,17","405,10","406,41","396,50","155,59M","-3,20%"
"10.05.2022","399,09","404,49","406,08","394,82","131,57M","0,23%"
"11.05.2022","392,75","398,07","404,04","391,96","137,59M","-1,59%"
"12.05.2022","392,34","389,37","395,80","385,15","123,67M","-0,10%"
"13.05.2022","401,72","396,71","403,18","395,61","102,61M","2,39%"
"16.05.2022","400,09","399,98","403,97","397,60","78,08M","-0,41%"
"17.05.2022","408,32","406,53","408,57","402,58","81,64M","2,06%"
"18.05.2022","391,86","403,50","403,80","390,55","116,78M","-4,03%"
"19.05.2022","389,46","388,62","394,14","387,11","98,51M","-0,61%"
"20.05.2022","389,63","393,25","397,03","380,54","131,43M","0,04%"
"23.05.2022","396,92","392,83","397,73","390,38","74,74M","1,87%"
"24.05.2022","393,89","392,56","395,15","386,96","90,87M","-0,76%"
"25.05.2022","397,37","392,31","399,45","391,89","88,82M","0,88%"
"26.05.2022","405,31","398,67","407,04","398,45","82,17M","2,00%"
"27.05.2022","415,26","407,91","415,38","407,70","84,77M","2,45%"
"31.05.2022","412,93","413,55","416,46","410,03","95,94M","-0,56%"
"01.06.2022","409,59","415,17","416,24","406,93","85,92M","-0,81%"
"02.06.2022","417,39","409,42","417,44","407,04","78,54M","1,90%"
"03.06.2022","410,54","412,40","414,04","409,51","71,87M","-1,64%"
"06.06.2022","411,79","414,78","416,61","410,55","57,51M","0,30%"
"07.06.2022","415,74","408,10","416,22","407,61","58,04M","0,96%"
"08.06.2022","411,22","413,93","415,82","410,38","64,35M","-1,09%"
"09.06.2022","401,44","409,34","411,74","401,44","84,58M","-2,38%"
"10.06.2022","389,80","394,88","395,78","389,75","132,89M","-2,90%"
"13.06.2022","375,00","379,85","381,81","373,30","158,54M","-3,80%"
"14.06.2022","373,87","376,85","377,94","370,59","102,30M","-0,30%"
"15.06.2022","379,20","377,36","383,90","372,12","124,01M","1,43%"
"16.06.2022","366,65","370,51","370,94","364,08","133,25M","-3,31%"
"17.06.2022","365,86","365,51","369,38","362,17","111,11M","-0,22%"
"21.06.2022","375,07","371,89","376,52","371,81","75,50M","2,52%"
"22.06.2022","374,39","370,62","378,72","370,18","86,96M","-0,18%"
"23.06.2022","378,06","376,64","378,83","372,89","76,95M","0,98%"
"24.06.2022","390,08","381,40","390,09","381,36","98,05M","3,18%"
"27.06.2022","388,59","391,05","391,36","387,44","64,66M","-0,38%"
"28.06.2022","380,65","390,23","393,16","380,53","85,83M","-2,04%"
"29.06.2022","380,34","381,23","382,27","378,42","65,27M","-0,08%"
"30.06.2022","377,25","376,24","380,66","372,56","111,70M","-0,81%"
"01.07.2022","381,24","376,56","381,70","373,80","74,84M","1,06%"
"05.07.2022","381,96","375,88","381,98","372,90","79,76M","0,19%"
"06.07.2022","383,25","382,11","385,87","379,60","68,70M","0,34%"
"07.07.2022","388,99","385,12","389,83","383,27","63,86M","1,50%"
"08.07.2022","388,67","387,27","390,64","385,66","72,40M","-0,08%"
"11.07.2022","384,23","385,85","386,87","383,50","57,90M","-1,14%"
"12.07.2022","380,83","383,65","386,16","378,99","61,51M","-0,88%"
"13.07.2022","378,83","375,10","381,92","374,66","82,76M","-0,53%"
"14.07.2022","377,91","373,61","379,05","371,04","86,78M","-0,24%"
"15.07.2022","385,13","382,55","385,25","380,54","79,06M","1,91%"
"18.07.2022","381,95","388,38","389,09","380,66","62,67M","-0,83%"
"19.07.2022","392,27","386,08","392,87","385,39","78,10M","2,70%"
"20.07.2022","394,77","392,47","396,26","391,03","71,22M","0,64%"
"21.07.2022","398,79","394,16","398,84","391,63","64,21M","1,02%"
"22.07.2022","395,09","398,92","400,18","392,75","72,20M","-0,93%"
"25.07.2022","395,57","395,75","396,47","393,21","51,13M","0,12%"
"26.07.2022","390,89","393,84","394,06","389,95","51,87M","-1,18%"
"27.07.2022","401,04","394,36","402,88","394,05","81,86M","2,60%"
"28.07.2022","406,07","401,89","406,80","398,15","72,88M","1,25%"
"29.07.2022","411,99","407,58","413,03","406,77","87,00M","1,46%"
"01.08.2022","410,77","409,15","413,41","408,40","70,00M","-0,30%"
"02.08.2022","408,06","409,12","413,00","406,82","63,44M","-0,66%"
"03.08.2022","414,45","410,30","415,68","410,00","67,34M","1,57%"
"04.08.2022","414,17","414,37","415,09","412,44","45,33M","-0,07%"
"05.08.2022","413,47","409,66","414,15","409,60","56,81M","-0,17%"
"08.08.2022","412,99","415,25","417,62","411,83","54,03M","-0,12%"
"09.08.2022","411,35","412,22","412,75","410,22","44,93M","-0,40%"
"10.08.2022","419,99","418,78","420,14","416,72","68,67M","2,10%"
"11.08.2022","419,99","422,99","424,95","419,21","58,76M","0,00%"
"12.08.2022","427,10","422,13","427,18","421,07","61,69M","1,69%"
"15.08.2022","428,86","424,77","429,41","424,71","53,62M","0,41%"
"16.08.2022","429,70","427,73","431,73","426,88","59,29M","0,20%"
"17.08.2022","426,65","425,91","429,50","424,54","63,56M","-0,71%"
"18.08.2022","427,89","426,86","428,61","425,50","48,64M","0,29%"
"19.08.2022","422,14","424,98","425,26","421,22","68,02M","-1,34%"
"22.08.2022","413,35","417,05","417,23","412,40","74,50M","-2,08%"
"23.08.2022","412,35","412,90","415,42","411,77","49,11M","-0,24%"
"24.08.2022","413,67","412,11","415,11","411,39","48,47M","0,32%"
"25.08.2022","419,51","415,24","419,56","414,09","50,43M","1,41%"
"26.08.2022","405,31","419,39","419,96","405,25","103,09M","-3,38%"
"29.08.2022","402,63","402,20","405,84","401,20","64,70M","-0,66%"
"30.08.2022","398,21","403,85","404,10","396,00","84,91M","-1,10%"
"31.08.2022","395,18","399,93","401,24","395,04","74,87M","-0,76%"
"01.09.2022","396,42","392,89","396,78","390,04","78,74M","0,31%"
"02.09.2022","392,24","400,28","401,55","390,33","99,63M","-1,05%"
"06.09.2022","390,76","393,13","394,12","388,42","75,85M","-0,38%"
"07.09.2022","397,78","390,43","398,59","390,20","69,65M","1,80%"
"08.09.2022","400,38","395,39","400,86","394,12","79,26M","0,65%"
"09.09.2022","406,60","402,85","407,48","402,50","76,71M","1,55%"
"12.09.2022","410,97","408,78","411,73","408,46","68,65M","1,07%"
"13.09.2022","393,10","401,83","403,10","391,92","119,58M","-4,35%"
"14.09.2022","394,60","394,47","396,20","391,12","82,37M","0,38%"
"15.09.2022","390,12","392,96","395,96","388,78","84,85M","-1,14%"
"16.09.2022","385,56","384,14","386,25","382,11","103,08M","-1,17%"
"19.09.2022","388,55","382,26","388,55","382,18","71,74M","0,78%"
"20.09.2022","384,09","385,06","386,12","381,20","76,46M","-1,15%"
"21.09.2022","377,39","386,11","389,31","377,38","105,10M","-1,74%"
"22.09.2022","374,22","376,58","378,30","373,44","89,47M","-0,84%"
"23.09.2022","367,95","370,58","370,62","363,29","122,35M","-1,68%"
"26.09.2022","364,31","366,41","370,21","363,03","92,58M","-0,99%"
"27.09.2022","363,38","368,02","370,40","360,87","107,20M","-0,26%"
"28.09.2022","370,53","364,38","372,30","362,60","109,60M","1,97%"
"29.09.2022","362,79","366,81","367,11","359,70","112,95M","-2,09%"
"30.09.2022","357,18","361,84","365,85","357,18","153,71M","-1,55%"
"03.10.2022","366,61","361,08","368,55","359,21","89,76M","2,64%"
"04.10.2022","377,97","372,40","378,00","366,57","101,34M","3,10%"
"05.10.2022","377,09","373,39","379,46","370,95","88,07M","-0,23%"
"06.10.2022","373,20","375,62","378,72","372,68","81,39M","-1,03%"
"07.10.2022","362,79","369,00","369,27","361,00","107,79M","-2,79%"
"10.10.2022","360,02","363,96","364,21","357,67","75,08M","-0,76%"
"11.10.2022","357,74","358,23","363,03","355,71","91,60M","-0,63%"
"12.10.2022","356,56","358,17","359,82","356,30","76,99M","-0,33%"
"13.10.2022","365,97","349,20","367,51","348,11","146,52M","2,64%"
"14.10.2022","357,63","368,55","370,26","356,96","123,74M","-2,28%"
"17.10.2022","366,82","364,01","367,98","357,28","93,17M","2,57%"
"18.10.2022","371,13","375,13","375,45","367,52","96,07M","1,17%"
"19.10.2022","368,50","368,99","371,85","365,55","79,75M","-0,71%"
"20.10.2022","365,41","368,03","372,67","364,61","88,28M","-0,84%"
"21.10.2022","374,29","364,88","374,79","363,58","131,04M","2,43%"
"24.10.2022","378,87","375,89","380,06","373,11","81,99M","1,22%"
"25.10.2022","384,92","378,79","385,25","378,67","77,46M","1,60%"
"26.10.2022","382,02","381,62","387,58","381,35","104,09M","-0,75%"
"27.10.2022","379,98","383,07","385,00","379,33","79,26M","-0,53%"
"28.10.2022","389,02","379,87","389,52","379,68","100,30M","2,38%"
"31.10.2022","386,21","386,44","388,40","385,26","95,68M","-0,72%"
"01.11.2022","384,52","390,14","390,39","383,29","85,41M","-0,44%"
"02.11.2022","374,87","383,90","388,63","374,76","124,32M","-2,51%"
"03.11.2022","371,01","371,46","374,20","368,79","85,33M","-1,03%"
"04.11.2022","376,35","377,00","378,87","370,00","103,51M","1,44%"
"07.11.2022","379,95","377,71","380,57","375,53","67,48M","0,96%"
"08.11.2022","382,00","381,11","385,12","377,72","83,30M","0,54%"
"09.11.2022","374,13","379,93","381,14","373,61","78,04M","-2,06%"
"10.11.2022","394,69","388,05","395,04","385,64","141,46M","5,50%"
"11.11.2022","398,51","395,69","399,32","393,63","93,84M","0,97%"
"14.11.2022","395,12","396,66","400,18","394,83","71,02M","-0,85%"
"15.11.2022","398,49","401,15","402,31","394,49","92,36M","0,85%"
"16.11.2022","395,45","396,78","397,78","394,79","67,38M","-0,76%"
"17.11.2022","394,24","390,46","394,95","390,14","74,50M","-0,31%"
"18.11.2022","396,03","397,74","397,81","393,04","92,92M","0,45%"
"21.11.2022","394,59","394,64","395,82","392,66","51,24M","-0,36%"
"22.11.2022","399,90","396,63","400,07","395,15","60,43M","1,35%"
"23.11.2022","402,42","399,55","402,93","399,31","68,26M","0,63%"
"25.11.2022","402,33","401,83","402,91","401,54","30,55M","-0,02%"
"28.11.2022","395,91","399,09","400,81","395,11","67,75M","-1,60%"
"29.11.2022","395,23","396,05","397,30","393,30","51,89M","-0,17%"
"30.11.2022","407,68","395,49","407,68","393,48","140,72M","3,15%"
"01.12.2022","407,38","408,77","410,00","404,75","75,79M","-0,07%"
"02.12.2022","406,91","402,25","407,86","402,14","85,34M","-0,12%"
"05.12.2022","399,59","403,95","404,93","398,17","75,86M","-1,80%"
"06.12.2022","393,83","399,42","399,99","391,64","76,65M","-1,44%"
"07.12.2022","393,16","392,94","395,64","391,97","63,61M","-0,17%"
"08.12.2022","396,24","395,14","397,36","393,27","60,29M","0,78%"
"09.12.2022","393,28","394,94","397,62","393,15","81,45M","-0,75%"
"12.12.2022","398,95","394,11","398,95","393,41","74,77M","1,44%"
"13.12.2022","401,97","410,22","410,49","399,07","122,85M","0,76%"
"14.12.2022","399,40","401,61","405,50","396,31","107,49M","-0,64%"
"15.12.2022","389,63","394,30","395,25","387,89","116,11M","-2,45%"
"16.12.2022","383,27","385,18","386,58","381,04","119,86M","-1,63%"
"19.12.2022","380,02","383,47","383,82","378,28","78,79M","-0,85%"
"20.12.2022","380,54","379,23","382,23","377,85","73,47M","0,14%"
"21.12.2022","386,23","383,25","387,41","382,69","75,72M","1,50%"
"22.12.2022","380,72","383,05","386,21","374,77","99,28M","-1,43%"
"23.12.2022","382,91","379,65","383,06","378,03","59,86M","0,58%"
"27.12.2022","381,40","382,79","383,15","379,65","51,41M","-0,39%"
"28.12.2022","376,66","381,33","383,39","376,42","69,91M","-1,24%"
"29.12.2022","383,44","379,63","384,35","379,08","66,61M","1,80%"
"30.12.2022","382,43","380,64","382,58","378,43","84,02M","-0,26%"