"Date","Price","Open","High","Low","Vol.","Change %"
"01/02/2020","60.58","60.44","60.67","60.23","11.95M","0.90%"
"01/03/2020","60.40","61.13","61.31","60.10","29.52M","-0.30%"
"01/06/2020","60.87","60.61","61.18","60.40","22.46M","0.78%"
"01/07/2020","60.71","60.70","60.77","60.00","11.49M","-0.26%"
"01/08/2020","59.71","60.65","60.72","59.63","19.04M","-1.65%"
"01/09/2020","60.15","59.68","60.20","58.98","15.37M","0.74%"
"01/10/2020","59.81","60.12","60.17","59.74","9.15M","-0.57%"
"01/13/2020","59.83","59.72","60.02","59.41","8.78M","0.03%"
"01/14/2020","59.84","59.70","59.91","59.31","17.34M","0.02%"
"01/15/2020","59.40","59.58","59.76","59.23","10.83M","-0.74%"
"01/16/2020","59.50","59.75","59.95","59.47","8.22M","0.17%"
"01/17/2020","59.12","59.66","59.69","59.02","11.91M","-0.64%"
"01/21/2020","58.06","58.79","58.80","57.96","17.35M","-1.79%"
"01/22/2020","57.50","57.95","57.99","57.34","14.68M","-0.96%"
"01/23/2020","57.28","56.90","57.45","56.46","13.28M","-0.38%"
"01/24/2020","56.62","57.02","57.28","56.18","20.39M","-1.15%"
"01/27/2020","55.05","55.48","55.70","54.98","21.68M","-2.77%"
"01/28/2020","55.30","55.36","55.64","55.08","14.30M","0.45%"
"01/29/2020","54.72","55.61","55.81","54.65","13.75M","-1.05%"
"01/30/2020","55.16","54.15","55.22","54.01","24.43M","0.80%"
"01/31/2020","53.44","54.23","54.38","53.16","33.43M","-3.12%"
"02/03/2020","52.74","53.37","53.45","52.55","21.29M","-1.31%"
"02/04/2020","52.93","53.50","53.92","52.83","19.82M","0.36%"
"02/05/2020","54.92","53.81","55.11","53.78","34.38M","3.76%"
"02/06/2020","54.36","55.18","55.18","54.27","15.40M","-1.02%"
"02/07/2020","53.98","53.95","54.21","53.70","13.69M","-0.70%"
"02/10/2020","53.71","53.70","53.83","53.38","14.64M","-0.50%"
"02/11/2020","54.31","54.44","54.52","54.06","13.84M","1.12%"
"02/12/2020","55.04","55.12","55.35","54.59","17.20M","1.34%"
"02/13/2020","54.87","54.89","55.18","54.55","11.97M","-0.31%"
"02/14/2020","54.58","55.06","55.10","54.24","12.52M","-0.53%"
"02/17/2020","54.58","54.58","54.58","54.58","","0.00%"
"02/18/2020","54.13","54.10","54.57","53.62","16.31M","-0.82%"
"02/19/2020","54.85","54.49","55.07","54.19","12.46M","1.33%"
"02/20/2020","54.79","54.99","55.40","54.65","13.05M","-0.11%"
"02/21/2020","54.14","54.27","54.32","53.69","13.81M","-1.19%"
"02/24/2020","51.64","52.10","52.40","51.48","33.04M","-4.62%"
"02/25/2020","49.36","51.78","51.82","49.04","42.84M","-4.42%"
"02/26/2020","47.87","49.54","49.78","47.85","48.83M","-3.02%"
"02/27/2020","45.31","46.63","47.52","45.29","61.28M","-5.35%"
"02/28/2020","45.27","43.88","45.84","43.52","68.76M","-0.09%"
"03/02/2020","47.10","46.28","47.16","44.93","36.64M","4.04%"
"03/03/2020","45.66","47.37","47.99","45.15","48.60M","-3.06%"
"03/04/2020","46.74","46.64","46.75","45.67","24.48M","2.37%"
"03/05/2020","45.03","45.40","45.61","44.27","29.39M","-3.66%"
"03/06/2020","42.50","43.50","43.89","41.86","61.52M","-5.62%"
"03/09/2020","33.94","35.07","36.43","33.73","66.56M","-20.14%"
"03/10/2020","35.55","36.67","36.82","33.36","48.43M","4.74%"
"03/11/2020","33.67","34.45","35.05","33.13","43.49M","-5.29%"
"03/12/2020","29.47","31.19","32.00","29.38","38.83M","-12.47%"
"03/13/2020","32.19","31.96","32.22","28.80","34.10M","9.23%"
"03/14/2020","32.19","32.19","32.19","32.19","","0.00%"
"03/16/2020","27.81","27.95","31.11","27.67","40.23M","-13.61%"
"03/17/2020","28.00","28.08","29.18","26.95","45.44M","0.68%"
"03/18/2020","23.98","26.04","26.58","22.88","52.14M","-14.36%"
"03/19/2020","25.61","24.33","25.71","22.98","52.23M","6.80%"
"03/20/2020","25.86","26.26","26.84","24.76","58.36M","0.98%"
"03/21/2020","25.86","25.86","25.86","25.86","","0.00%"
"03/23/2020","23.57","25.13","25.29","23.15","48.26M","-8.86%"
"03/24/2020","27.35","25.40","27.49","25.40","44.51M","16.04%"
"03/25/2020","28.64","27.95","30.00","26.74","52.43M","4.72%"
"03/26/2020","30.39","28.93","31.00","28.57","46.92M","6.11%"
"03/27/2020","28.33","29.12","29.21","28.16","36.53M","-6.78%"
"03/28/2020","28.33","28.33","28.33","28.33","","0.00%"
"03/30/2020","28.62","27.95","28.87","27.09","42.13M","1.02%"
"03/31/2020","29.06","29.42","30.00","28.48","34.35M","1.54%"
"04/01/2020","27.62","28.12","28.48","27.23","23.83M","-4.96%"
"04/02/2020","30.15","29.01","31.76","28.26","73.13M","9.16%"
"04/03/2020","29.83","31.10","31.31","28.98","63.83M","-1.06%"
"04/06/2020","31.41","30.50","31.62","30.09","38.02M","5.30%"
"04/07/2020","32.08","32.96","33.87","32.02","51.51M","2.13%"
"04/08/2020","34.22","32.76","34.33","32.49","41.91M","6.67%"
"04/09/2020","33.91","35.54","36.46","32.62","91.38M","-0.91%"
"04/13/2020","33.80","35.09","35.22","33.26","33.84M","-0.32%"
"04/14/2020","33.64","33.97","34.38","33.42","36.32M","-0.47%"
"04/15/2020","32.06","32.30","32.38","31.06","36.71M","-4.70%"
"04/16/2020","30.69","31.98","32.08","30.64","32.30M","-4.27%"
"04/17/2020","33.95","31.33","33.99","31.31","45.85M","10.62%"
"04/20/2020","32.89","31.95","34.10","31.78","56.39M","-3.12%"
"04/21/2020","32.31","31.94","32.90","31.39","60.43M","-1.76%"
"04/22/2020","33.46","33.77","33.99","33.01","36.89M","3.56%"
"04/23/2020","34.54","34.48","35.34","34.14","41.60M","3.23%"
"04/24/2020","34.62","35.23","35.54","34.07","32.44M","0.23%"
"04/27/2020","35.37","34.36","35.62","33.58","23.29M","2.17%"
"04/28/2020","36.18","35.90","36.40","35.32","29.57M","2.29%"
"04/29/2020","38.86","37.37","38.99","37.34","35.54M","7.41%"
"04/30/2020","38.00","39.08","39.08","37.44","42.02M","-2.21%"
"05/01/2020","35.85","37.22","37.50","35.41","29.27M","-5.66%"
"05/02/2020","35.85","35.85","35.85","35.85","","0.00%"
"05/03/2020","35.85","35.85","35.85","35.85","","0.00%"
"05/04/2020","37.09","35.19","37.12","35.02","26.39M","3.46%"
"05/05/2020","37.12","38.61","38.92","36.99","34.37M","0.08%"
"05/06/2020","36.15","37.30","37.62","36.12","23.68M","-2.61%"
"05/07/2020","37.09","37.17","37.79","36.83","24.24M","2.60%"
"05/08/2020","38.78","37.96","38.80","37.74","24.84M","4.56%"
"05/11/2020","38.10","38.52","38.63","37.92","23.27M","-1.75%"
"05/12/2020","37.43","38.48","38.53","37.38","28.06M","-1.76%"
"05/13/2020","35.73","37.18","37.23","35.47","34.50M","-4.54%"
"05/14/2020","36.13","35.10","36.47","34.30","30.98M","1.12%"
"05/15/2020","35.99","36.14","36.89","35.67","27.21M","-0.39%"
"05/18/2020","38.93","38.05","39.18","37.95","36.60M","8.17%"
"05/19/2020","37.84","38.98","39.10","37.81","26.97M","-2.80%"
"05/20/2020","39.35","38.62","39.42","38.42","27.26M","3.99%"
"05/21/2020","38.72","39.47","39.62","38.41","28.12M","-1.60%"
"05/22/2020","38.48","38.41","38.52","37.69","19.25M","-0.62%"
"05/26/2020","39.55","39.71","39.96","39.45","37.44M","2.78%"
"05/27/2020","40.06","40.13","40.36","38.94","35.61M","1.29%"
"05/28/2020","38.94","40.16","40.16","38.75","27.18M","-2.80%"
"05/29/2020","38.76","38.60","39.05","37.95","35.75M","-0.46%"
"06/01/2020","39.44","38.70","39.66","38.18","23.87M","1.75%"
"06/02/2020","40.54","39.87","40.58","39.82","25.16M","2.79%"
"06/03/2020","41.73","41.18","41.92","41.10","27.30M","2.94%"
"06/04/2020","41.74","41.50","41.90","40.90","27.42M","0.02%"
"06/05/2020","44.84","43.83","45.24","43.79","50.20M","7.43%"
"06/07/2020","44.84","44.84","44.84","44.84","","0.00%"
"06/08/2020","46.86","46.47","46.88","45.43","47.53M","4.50%"
"06/09/2020","45.10","45.36","45.49","44.48","43.70M","-3.76%"
"06/10/2020","42.88","44.68","44.72","42.86","40.49M","-4.92%"
"06/11/2020","38.84","39.89","41.04","38.71","48.15M","-9.42%"
"06/12/2020","39.82","40.55","40.84","38.74","42.82M","2.52%"
"06/15/2020","39.94","38.12","40.35","37.70","32.85M","0.30%"
"06/16/2020","41.09","41.84","41.90","39.92","32.05M","2.88%"
"06/17/2020","39.69","40.93","40.94","39.68","23.37M","-3.41%"
"06/18/2020","40.18","39.29","40.62","39.05","18.47M","1.23%"
"06/19/2020","39.57","41.43","41.44","39.53","26.97M","-1.52%"
"06/22/2020","39.25","38.88","39.38","38.42","19.45M","-0.81%"
"06/23/2020","39.29","39.84","39.94","39.16","14.81M","0.10%"
"06/24/2020","37.11","38.68","38.69","36.86","32.36M","-5.55%"
"06/25/2020","37.82","36.76","37.95","36.57","24.02M","1.91%"
"06/26/2020","36.51","37.55","37.55","36.34","33.86M","-3.46%"
"06/29/2020","37.00","36.60","37.32","36.44","19.45M","1.34%"
"06/30/2020","37.85","36.70","38.07","36.31","20.94M","2.30%"
"07/01/2020","36.93","38.00","38.51","36.88","24.57M","-2.43%"
"07/02/2020","37.34","37.69","38.21","37.26","20.78M","1.11%"
"07/04/2020","37.34","37.34","37.34","37.34","","0.00%"
"07/05/2020","37.34","37.34","37.34","37.34","","0.00%"
"07/06/2020","37.45","38.00","38.27","36.98","22.54M","0.29%"
"07/07/2020","36.26","36.98","37.03","36.20","20.91M","-3.18%"
"07/08/2020","36.23","36.26","36.82","35.93","20.65M","-0.08%"
"07/09/2020","34.44","36.07","36.17","34.40","30.54M","-4.94%"
"07/10/2020","35.54","34.24","35.58","34.24","25.23M","3.19%"
"07/11/2020","35.54","35.54","35.54","35.54","","0.00%"
"07/12/2020","35.54","35.54","35.54","35.54","","0.00%"
"07/13/2020","35.35","35.87","36.01","35.08","37.22M","-0.53%"
"07/14/2020","36.59","35.11","36.66","35.01","34.22M","3.51%"
"07/15/2020","37.38","37.52","37.62","36.83","25.90M","2.16%"
"07/16/2020","37.21","37.13","37.69","36.66","18.82M","-0.45%"
"07/17/2020","36.69","37.33","37.74","36.53","17.72M","-1.40%"
"07/20/2020","36.08","36.56","36.98","36.05","20.08M","-1.66%"
"07/21/2020","38.26","36.70","38.55","36.65","36.19M","6.04%"
"07/22/2020","37.79","37.85","37.85","37.24","19.62M","-1.23%"
"07/23/2020","37.72","37.66","37.91","37.24","21.04M","-0.19%"
"07/24/2020","37.51","37.72","38.28","37.37","19.95M","-0.56%"
"07/25/2020","37.51","37.51","37.51","37.51","","0.00%"
"07/26/2020","37.51","37.51","37.51","37.51","","0.00%"
"07/27/2020","37.55","37.46","37.72","36.99","18.23M","0.11%"
"07/28/2020","36.91","37.33","37.69","36.81","17.78M","-1.70%"
"07/29/2020","37.68","37.01","37.71","36.76","17.22M","2.09%"
"07/30/2020","36.20","36.89","36.91","35.88","32.83M","-3.93%"
"07/31/2020","36.03","35.65","36.07","35.30","24.77M","-0.47%"
"08/02/2020","36.03","36.03","36.03","36.03","","0.00%"
"08/03/2020","36.16","36.02","36.36","35.72","21.11M","0.36%"
"08/04/2020","37.04","36.04","37.12","36.01","22.57M","2.43%"
"08/05/2020","37.43","37.77","37.90","37.09","30.76M","1.05%"
"08/06/2020","37.13","37.22","37.55","36.99","19.19M","-0.80%"
"08/07/2020","37.18","36.80","37.27","36.37","18.38M","0.13%"
"08/08/2020","37.18","37.18","37.18","37.18","","0.00%"
"08/09/2020","37.18","37.18","37.18","37.18","","0.00%"
"08/10/2020","38.33","37.46","38.34","37.37","26.31M","3.09%"
"08/11/2020","38.20","39.08","39.53","38.02","26.51M","-0.34%"
"08/12/2020","38.58","38.78","39.03","38.17","25.53M","0.99%"
"08/13/2020","37.83","38.27","38.59","37.74","15.76M","-1.94%"
"08/14/2020","38.19","37.53","38.25","37.39","13.28M","0.95%"
"08/17/2020","37.97","38.20","38.22","37.76","14.26M","-0.58%"
"08/18/2020","37.49","37.83","38.20","37.38","14.35M","-1.26%"
"08/19/2020","37.06","37.46","37.63","36.94","14.79M","-1.15%"
"08/20/2020","36.26","36.51","36.75","36.25","19.11M","-2.16%"
"08/21/2020","36.03","36.12","36.19","35.69","17.35M","-0.63%"
"08/22/2020","36.03","36.03","36.03","36.03","","0.00%"
"08/23/2020","36.03","36.03","36.03","36.03","","0.00%"
"08/24/2020","37.02","36.25","37.28","36.03","24.83M","2.75%"
"08/25/2020","36.50","37.22","37.27","36.32","20.12M","-1.40%"
"08/26/2020","35.73","36.45","36.45","35.68","18.00M","-2.11%"
"08/27/2020","35.80","35.74","36.04","35.36","22.26M","0.20%"
"08/28/2020","36.44","35.94","36.55","35.76","14.58M","1.79%"
"08/30/2020","36.44","36.44","36.44","36.44","","0.00%"
"08/31/2020","35.65","36.49","36.54","35.65","18.79M","-2.17%"
"09/01/2020","35.41","35.49","35.57","34.97","18.26M","-0.67%"
"09/02/2020","35.24","35.40","35.61","35.02","23.85M","-0.48%"
"09/03/2020","34.98","35.17","35.90","34.77","39.44M","-0.74%"
"09/04/2020","34.87","35.34","35.58","34.44","34.34M","-0.31%"
"09/08/2020","33.60","34.21","34.37","33.22","49.22M","-3.64%"
"09/09/2020","33.83","33.98","34.17","33.71","24.98M","0.68%"
"09/10/2020","32.59","33.93","33.97","32.53","37.00M","-3.67%"
"09/11/2020","32.62","32.66","32.83","32.35","25.40M","0.09%"
"09/13/2020","32.62","32.62","32.62","32.62","","0.00%"
"09/14/2020","32.87","32.71","33.17","32.48","19.44M","0.77%"
"09/15/2020","32.63","33.09","33.39","32.53","25.61M","-0.73%"
"09/16/2020","33.94","32.92","34.38","32.64","35.90M","4.01%"
"09/17/2020","33.99","33.40","34.02","33.07","22.36M","0.15%"
"09/18/2020","33.61","33.97","33.99","33.27","26.41M","-1.12%"
"09/21/2020","31.97","32.26","32.34","31.43","30.72M","-4.88%"
"09/22/2020","31.64","31.99","32.50","31.58","22.35M","-1.03%"
"09/23/2020","30.21","31.76","31.88","30.17","26.48M","-4.52%"
"09/24/2020","30.20","30.10","30.75","29.54","35.24M","-0.03%"
"09/25/2020","30.18","29.89","30.41","29.70","27.56M","-0.07%"
"09/26/2020","30.18","30.18","30.18","30.18","","0.00%"
"09/27/2020","30.18","30.18","30.18","30.18","","0.00%"
"09/28/2020","30.89","30.73","31.23","30.68","26.38M","2.35%"
"09/29/2020","30.04","30.80","30.87","29.74","23.80M","-2.75%"
"09/30/2020","29.95","30.23","30.58","29.81","24.57M","-0.30%"
"10/01/2020","29.03","29.62","29.75","28.85","28.37M","-3.07%"
"10/02/2020","29.31","28.25","29.56","28.20","28.71M","0.96%"
"10/03/2020","29.31","29.31","29.31","29.31","","0.00%"
"10/04/2020","29.31","29.31","29.31","29.31","","0.00%"
"10/05/2020","30.19","29.57","30.21","29.50","31.57M","3.00%"
"10/06/2020","29.74","30.63","30.80","29.66","31.11M","-1.49%"
"10/07/2020","30.16","29.91","30.24","29.57","21.04M","1.41%"
"10/08/2020","31.29","30.41","31.31","30.27","30.56M","3.75%"
"10/09/2020","30.79","31.57","31.65","30.73","25.52M","-1.60%"
"10/12/2020","30.87","30.69","30.98","30.37","16.68M","0.26%"
"10/13/2020","30.39","30.87","31.05","30.30","25.38M","-1.55%"
"10/14/2020","30.52","30.46","31.23","30.40","27.25M","0.43%"
"10/15/2020","30.89","30.00","30.90","29.73","20.36M","1.21%"
"10/16/2020","30.19","30.83","30.87","30.14","18.71M","-2.27%"
"10/19/2020","29.55","30.30","30.45","29.52","25.19M","-2.12%"
"10/20/2020","29.90","29.72","30.16","29.52","22.99M","1.18%"
"10/21/2020","29.33","29.73","29.89","29.32","24.66M","-1.91%"
"10/22/2020","30.54","29.38","30.58","29.19","32.83M","4.13%"
"10/23/2020","30.39","30.70","30.88","30.01","24.99M","-0.49%"
"10/26/2020","29.30","29.87","29.91","29.01","30.40M","-3.59%"
"10/27/2020","28.92","29.27","29.28","28.85","21.60M","-1.30%"
"10/28/2020","27.71","28.21","28.39","27.55","40.55M","-4.18%"
"10/29/2020","28.56","27.35","28.65","26.98","37.25M","3.07%"
"10/30/2020","28.72","28.36","28.74","28.03","37.90M","0.56%"
"11/02/2020","29.70","29.11","30.09","28.57","41.89M","3.41%"
"11/03/2020","29.53","30.20","30.22","29.26","34.88M","-0.57%"
"11/04/2020","29.57","29.57","30.28","28.77","43.61M","0.14%"
"11/05/2020","29.57","29.61","30.16","29.51","31.80M","0.00%"
"11/06/2020","28.93","29.57","30.01","28.81","33.22M","-2.16%"
"11/09/2020","33.06","32.40","33.79","28.92","99.36M","14.28%"
"11/10/2020","34.13","33.68","34.13","32.98","73.34M","3.24%"
"11/11/2020","33.78","34.50","34.57","33.46","46.54M","-1.03%"
"11/12/2020","32.69","33.19","33.66","32.34","38.60M","-3.23%"
"11/13/2020","33.88","32.94","34.05","32.90","39.44M","3.64%"
"11/16/2020","36.11","35.32","36.19","34.88","47.93M","6.58%"
"11/17/2020","36.48","35.64","36.50","35.17","39.01M","1.02%"
"11/18/2020","35.42","36.79","36.93","35.42","41.00M","-2.91%"
"11/19/2020","36.00","35.17","36.07","34.81","32.94M","1.64%"
"11/20/2020","35.81","35.91","36.07","35.56","19.75M","-0.53%"
"11/23/2020","38.34","36.37","38.39","36.33","38.16M","7.07%"
"11/24/2020","40.31","39.63","40.42","39.27","53.47M","5.14%"
"11/25/2020","39.37","40.05","40.05","39.15","35.68M","-2.33%"
"11/27/2020","38.91","39.15","39.47","38.60","18.76M","-1.17%"
"11/30/2020","36.76","38.48","38.53","36.70","41.54M","-5.53%"
"12/01/2020","36.93","37.78","37.99","36.87","34.48M","0.46%"
"12/02/2020","38.13","36.81","38.71","36.69","37.74M","3.25%"
"12/03/2020","38.53","38.30","39.00","37.91","36.49M","1.05%"
"12/04/2020","40.63","39.23","40.66","39.23","51.85M","5.45%"
"12/07/2020","39.68","40.15","40.24","39.30","34.66M","-2.34%"
"12/08/2020","40.27","39.19","40.66","39.18","28.93M","1.49%"
"12/09/2020","40.36","40.68","41.34","39.87","43.35M","0.22%"
"12/10/2020","41.60","40.41","42.08","40.30","38.80M","3.07%"
"12/11/2020","41.12","41.32","41.33","40.54","28.08M","-1.15%"
"12/14/2020","39.68","41.75","41.76","39.53","39.94M","-3.50%"
"12/15/2020","40.46","39.90","40.66","39.52","29.35M","1.97%"
"12/16/2020","40.26","40.56","40.71","39.98","23.81M","-0.49%"
"12/17/2020","40.07","40.62","40.63","39.83","23.18M","-0.47%"
"12/18/2020","39.40","39.99","40.21","39.09","36.57M","-1.67%"
"12/21/2020","38.13","37.41","38.46","37.02","40.08M","-3.22%"
"12/22/2020","37.49","38.05","38.18","37.45","25.10M","-1.68%"
"12/23/2020","38.32","37.81","38.85","37.80","26.97M","2.21%"
"12/24/2020","38.12","38.37","38.37","37.74","11.45M","-0.52%"
"12/28/2020","37.88","38.26","38.74","37.77","18.91M","-0.63%"
"12/29/2020","37.63","38.11","38.22","37.45","18.98M","-0.66%"
"12/30/2020","38.22","37.66","38.58","37.57","28.22M","1.57%"
"12/31/2020","37.90","38.05","38.21","37.73","18.15M","-0.84%"
"01/04/2021","37.96","38.34","38.66","37.51","33.86M","0.16%"
"01/05/2021","39.66","38.37","40.70","38.34","47.74M","4.48%"
"01/06/2021","40.87","40.44","41.25","39.92","43.13M","3.05%"
"01/07/2021","41.47","41.23","41.89","40.80","25.73M","1.47%"
"01/08/2021","41.42","42.00","42.00","41.09","31.37M","-0.12%"
"01/11/2021","42.07","40.52","42.23","40.29","23.45M","1.57%"
"01/12/2021","43.54","42.58","43.77","42.26","43.97M","3.49%"
"01/13/2021","43.20","43.69","43.71","42.87","27.38M","-0.78%"
"01/14/2021","44.48","43.47","45.00","43.43","41.66M","2.96%"
"01/15/2021","42.75","43.69","43.70","42.33","47.75M","-3.89%"
"01/19/2021","43.61","43.27","43.91","43.13","27.81M","2.01%"
"01/20/2021","43.77","43.98","44.09","43.34","25.36M","0.37%"
"01/21/2021","42.29","43.53","43.75","41.90","30.00M","-3.38%"
"01/22/2021","42.07","41.36","42.19","41.02","25.22M","-0.52%"
"01/25/2021","41.64","41.61","41.77","40.88","40.91M","-1.02%"
"01/26/2021","40.75","42.01","42.64","40.73","27.50M","-2.14%"
"01/27/2021","40.20","40.08","41.32","39.51","49.93M","-1.35%"
"01/28/2021","40.67","40.53","41.16","40.16","28.62M","1.17%"
"01/29/2021","39.32","40.10","40.62","39.17","31.53M","-3.32%"
"02/01/2021","39.60","39.80","40.00","38.94","30.51M","0.71%"
"02/02/2021","40.03","40.55","40.99","40.02","31.96M","1.09%"
"02/03/2021","41.74","40.24","41.85","40.09","37.19M","4.27%"
"02/04/2021","42.20","42.05","42.21","41.30","24.16M","1.10%"
"02/05/2021","42.56","42.86","43.00","42.44","24.10M","0.85%"
"02/08/2021","44.34","43.18","44.55","43.14","31.18M","4.18%"
"02/09/2021","43.87","43.99","44.13","43.28","32.40M","-1.06%"
"02/10/2021","44.71","44.02","44.75","43.74","29.23M","1.91%"
"02/11/2021","44.02","44.57","44.58","43.09","24.82M","-1.54%"
"02/12/2021","44.67","43.70","44.71","43.63","23.70M","1.48%"
"02/16/2021","45.79","45.70","46.32","45.47","38.30M","2.51%"
"02/17/2021","46.47","46.26","46.77","45.59","34.54M","1.49%"
"02/18/2021","45.42","46.27","46.36","45.27","30.68M","-2.26%"
"02/19/2021","46.18","45.48","46.36","45.42","27.20M","1.67%"
"02/22/2021","47.78","46.49","48.47","46.41","37.82M","3.46%"
"02/23/2021","48.57","48.35","48.71","46.51","49.19M","1.65%"
"02/24/2021","50.29","48.89","50.58","48.48","38.87M","3.54%"
"02/25/2021","49.32","50.81","50.81","48.98","37.94M","-1.93%"
"02/26/2021","48.15","48.66","48.80","46.73","45.15M","-2.37%"
"03/01/2021","49.40","49.42","50.08","49.06","34.70M","2.60%"
"03/02/2021","49.13","49.58","49.98","49.10","37.23M","-0.55%"
"03/03/2021","49.85","49.49","50.98","49.48","41.29M","1.47%"
"03/04/2021","51.04","50.30","51.96","49.83","53.79M","2.39%"
"03/05/2021","52.95","52.49","53.07","51.18","56.20M","3.74%"
"03/08/2021","53.05","53.47","53.75","52.28","50.31M","0.19%"
"03/09/2021","52.12","52.75","53.51","51.75","59.44M","-1.75%"
"03/10/2021","53.44","52.20","53.62","51.95","39.21M","2.53%"
"03/11/2021","53.46","53.55","54.37","53.34","25.40M","0.04%"
"03/12/2021","53.57","53.56","54.05","53.16","29.89M","0.21%"
"03/15/2021","52.96","53.45","53.60","52.32","30.25M","-1.14%"
"03/16/2021","51.45","52.08","52.13","51.13","38.64M","-2.85%"
"03/17/2021","51.85","51.30","52.10","50.86","32.28M","0.78%"
"03/18/2021","49.52","51.39","51.62","49.31","43.60M","-4.49%"
"03/19/2021","49.53","49.50","50.35","48.86","40.58M","0.02%"
"03/22/2021","48.54","48.90","49.09","48.44","29.78M","-2.00%"
"03/23/2021","47.83","47.56","48.90","47.26","51.60M","-1.46%"
"03/24/2021","49.03","48.56","49.69","48.56","40.82M","2.51%"
"03/25/2021","49.21","48.21","49.35","47.43","40.34M","0.37%"
"03/26/2021","50.43","50.10","50.50","49.53","36.17M","2.48%"
"03/29/2021","49.83","50.00","50.26","49.22","23.64M","-1.19%"
"03/30/2021","49.40","49.32","49.93","49.03","26.70M","-0.86%"
"03/31/2021","49.06","49.30","49.52","48.87","24.05M","-0.69%"
"04/01/2021","50.31","49.28","50.33","49.02","32.52M","2.55%"
"04/05/2021","49.11","50.21","50.22","48.82","26.69M","-2.39%"
"04/06/2021","48.98","49.35","50.01","48.90","26.63M","-0.26%"
"04/07/2021","49.15","49.00","49.40","48.82","24.94M","0.35%"
"04/08/2021","48.51","48.80","48.81","47.95","31.88M","-1.30%"
"04/09/2021","48.19","48.50","48.92","47.97","22.19M","-0.66%"
"04/12/2021","47.81","48.61","48.96","47.64","19.60M","-0.79%"
"04/13/2021","47.86","47.73","48.12","47.38","22.41M","0.10%"
"04/14/2021","49.19","48.28","49.84","48.23","33.38M","2.78%"
"04/15/2021","48.79","49.25","49.25","48.59","24.84M","-0.81%"
"04/16/2021","48.40","49.15","49.27","48.20","28.59M","-0.80%"
"04/19/2021","48.35","48.50","48.85","47.88","20.41M","-0.10%"
"04/20/2021","47.07","48.18","48.25","46.59","36.29M","-2.65%"
"04/21/2021","47.67","46.47","47.84","46.25","28.50M","1.27%"
"04/22/2021","47.11","47.90","47.92","46.95","25.03M","-1.17%"
"04/23/2021","47.54","47.15","47.75","46.87","16.95M","0.91%"
"04/26/2021","47.86","47.36","48.22","47.36","17.95M","0.67%"
"04/27/2021","48.44","48.04","48.61","47.82","21.13M","1.21%"
"04/28/2021","50.11","48.80","50.30","48.76","32.94M","3.45%"
"04/29/2021","50.67","50.83","51.29","50.05","33.02M","1.12%"
"04/30/2021","49.39","49.95","50.64","49.28","29.26M","-2.53%"
"05/03/2021","50.75","49.96","50.88","49.80","22.87M","2.75%"
"05/04/2021","50.78","50.85","51.23","50.20","26.96M","0.06%"
"05/05/2021","52.42","51.41","52.58","50.98","39.81M","3.23%"
"05/06/2021","52.69","52.41","52.69","51.44","29.36M","0.52%"
"05/07/2021","53.63","52.15","53.72","51.96","31.60M","1.78%"
"05/10/2021","53.65","54.30","55.14","53.61","34.50M","0.04%"
"05/11/2021","52.27","52.53","53.28","51.81","56.77M","-2.57%"
"05/12/2021","52.52","52.54","54.07","52.28","41.10M","0.48%"
"05/13/2021","51.88","51.89","52.85","51.18","39.85M","-1.22%"
"05/14/2021","53.49","52.45","53.69","52.45","28.59M","3.10%"
"05/17/2021","54.73","53.30","54.75","53.22","33.70M","2.32%"
"05/18/2021","53.46","54.65","54.84","53.36","35.22M","-2.32%"
"05/19/2021","52.13","52.21","52.72","51.40","43.98M","-2.49%"
"05/20/2021","52.05","52.11","52.29","51.31","28.26M","-0.15%"
"05/21/2021","52.16","52.57","52.94","52.12","25.27M","0.21%"
"05/24/2021","52.68","52.52","52.80","51.93","24.01M","1.00%"
"05/25/2021","51.61","52.55","52.69","51.53","24.28M","-2.03%"
"05/26/2021","52.07","51.66","52.26","51.42","19.78M","0.89%"
"05/27/2021","52.11","52.28","52.75","51.82","19.53M","0.08%"
"05/28/2021","52.21","52.40","52.47","51.93","18.57M","0.19%"
"06/01/2021","54.22","53.24","54.34","53.21","36.29M","3.85%"
"06/02/2021","55.23","54.55","55.49","53.91","33.95M","1.86%"
"06/03/2021","55.38","55.00","55.69","54.65","29.38M","0.27%"
"06/04/2021","55.75","55.74","55.98","54.92","26.33M","0.67%"
"06/07/2021","55.51","55.74","56.08","55.43","20.04M","-0.43%"
"06/08/2021","55.99","55.32","56.09","54.66","28.78M","0.86%"
"06/09/2021","55.64","56.15","56.39","55.61","28.03M","-0.63%"
"06/10/2021","55.57","56.39","56.65","54.98","28.68M","-0.13%"
"06/11/2021","55.38","55.77","56.08","55.31","19.05M","-0.34%"
"06/14/2021","55.14","55.58","55.92","54.69","18.87M","-0.43%"
"06/15/2021","56.19","55.49","56.34","55.35","32.14M","1.90%"
"06/16/2021","55.89","56.10","56.55","55.40","30.39M","-0.53%"
"06/17/2021","53.99","55.75","56.22","53.26","53.47M","-3.40%"
"06/18/2021","52.39","52.97","53.51","52.37","56.91M","-2.96%"
"06/21/2021","54.07","52.29","54.17","52.29","42.18M","3.21%"
"06/22/2021","54.43","53.93","54.64","53.37","24.17M","0.67%"
"06/23/2021","54.58","54.86","55.54","54.48","20.28M","0.28%"
"06/24/2021","55.05","54.74","55.09","54.31","20.88M","0.86%"
"06/25/2021","55.34","55.20","55.36","54.89","19.16M","0.53%"
"06/28/2021","53.47","55.10","55.10","53.25","32.85M","-3.38%"
"06/29/2021","53.21","53.79","54.09","53.14","15.96M","-0.49%"
"06/30/2021","53.87","53.47","54.02","53.34","23.52M","1.24%"
"07/01/2021","54.81","55.12","55.25","54.31","23.63M","1.74%"
"07/02/2021","54.69","54.58","54.87","54.11","15.24M","-0.22%"
"07/03/2021","54.69","54.69","54.69","54.69","","0.00%"
"07/04/2021","54.69","54.69","54.69","54.69","","0.00%"
"07/05/2021","54.69","54.69","54.69","54.69","","0.00%"
"07/06/2021","52.91","54.69","54.69","52.69","34.22M","-3.25%"
"07/07/2021","52.05","52.84","53.31","51.48","30.41M","-1.63%"
"07/08/2021","51.75","51.10","52.23","50.99","24.69M","-0.58%"
"07/09/2021","52.85","52.40","52.89","51.81","25.60M","2.13%"
"07/12/2021","52.77","52.24","53.08","51.88","20.68M","-0.15%"
"07/13/2021","52.37","52.50","52.84","52.06","24.89M","-0.76%"
"07/14/2021","50.81","52.60","53.13","50.62","33.50M","-2.98%"
"07/15/2021","50.10","50.26","50.87","49.87","29.84M","-1.40%"
"07/16/2021","48.68","50.48","50.48","48.59","37.13M","-2.83%"
"07/19/2021","46.96","47.02","47.63","46.30","57.50M","-3.53%"
"07/20/2021","47.59","46.98","48.09","46.58","41.67M","1.34%"
"07/21/2021","49.25","48.53","49.65","48.42","41.02M","3.49%"
"07/22/2021","48.70","49.20","49.20","48.28","23.64M","-1.12%"
"07/23/2021","48.52","48.86","48.88","48.03","23.48M","-0.37%"
"07/26/2021","49.72","48.76","49.90","48.76","23.63M","2.47%"
"07/27/2021","49.26","49.18","49.41","48.69","23.44M","-0.93%"
"07/28/2021","49.71","49.45","50.11","48.94","19.58M","0.91%"
"07/29/2021","50.19","50.33","50.54","49.90","21.90M","0.97%"
"07/30/2021","49.39","50.06","50.28","49.09","24.80M","-1.59%"
"08/02/2021","49.02","49.44","50.61","48.94","28.91M","-0.75%"
"08/03/2021","49.86","48.89","49.96","48.41","32.15M","1.71%"
"08/04/2021","48.51","48.95","49.56","48.44","32.26M","-2.71%"
"08/05/2021","49.06","48.80","49.66","48.61","22.90M","1.13%"
"08/06/2021","49.51","49.59","49.89","49.25","18.11M","0.92%"
"08/07/2021","49.51","49.51","49.51","49.51","","0.00%"
"08/08/2021","49.51","49.51","49.51","49.51","","0.00%"
"08/09/2021","48.81","48.79","49.20","48.49","21.10M","-1.41%"
"08/10/2021","49.67","49.07","49.80","49.04","26.64M","1.76%"
"08/11/2021","50.06","49.58","50.14","49.25","23.84M","0.79%"
"08/12/2021","50.01","50.00","50.28","49.41","18.27M","-0.10%"
"08/13/2021","49.42","50.04","50.04","49.30","16.53M","-1.18%"
"08/16/2021","48.51","48.71","48.76","48.09","24.13M","-1.84%"
"08/17/2021","48.01","48.04","48.78","47.58","25.55M","-1.03%"
"08/18/2021","47.01","47.96","48.37","46.96","28.15M","-2.08%"
"08/19/2021","45.79","46.13","46.48","45.15","49.63M","-2.60%"
"08/20/2021","45.89","45.37","46.17","45.17","30.79M","0.22%"
"08/23/2021","47.61","46.98","47.74","46.98","29.35M","3.75%"
"08/24/2021","48.40","48.07","48.64","47.95","22.69M","1.66%"
"08/25/2021","48.77","48.30","49.03","47.98","19.91M","0.76%"
"08/26/2021","48.03","48.43","48.76","47.95","20.73M","-1.52%"
"08/27/2021","49.31","48.63","49.64","48.52","23.10M","2.67%"
"08/30/2021","48.73","49.55","49.68","48.72","15.91M","-1.18%"
"08/31/2021","48.40","48.49","48.93","48.29","26.94M","-0.68%"
"09/01/2021","47.69","48.37","48.60","47.51","31.73M","-1.47%"
"09/02/2021","48.90","48.23","49.28","48.22","30.82M","2.54%"
"09/03/2021","48.62","48.80","49.16","48.39","19.58M","-0.57%"
"09/07/2021","48.33","48.39","48.99","48.15","21.23M","-0.60%"
"09/08/2021","47.71","48.61","48.91","47.68","21.90M","-1.28%"
"09/09/2021","47.81","47.35","48.55","47.17","25.26M","0.21%"
"09/10/2021","47.79","48.55","48.65","47.64","18.76M","-0.04%"
"09/13/2021","49.16","48.46","49.49","48.46","34.25M","2.87%"
"09/14/2021","48.45","49.60","49.64","48.24","29.47M","-1.44%"
"09/15/2021","50.26","49.11","50.29","49.11","38.35M","3.74%"
"09/16/2021","49.69","50.21","50.21","49.42","30.32M","-1.13%"
"09/17/2021","49.32","49.44","50.22","49.19","32.23M","-0.74%"
"09/20/2021","47.24","47.43","47.80","46.48","42.83M","-4.22%"
"09/21/2021","47.35","47.89","48.03","46.86","25.66M","0.23%"
"09/22/2021","48.81","48.15","49.37","48.15","39.63M","3.08%"
"09/23/2021","50.52","49.09","50.67","48.86","24.87M","3.50%"
"09/24/2021","50.90","50.25","51.16","50.15","27.75M","0.75%"
"09/27/2021","52.71","52.02","52.91","52.02","40.85M","3.56%"
"09/28/2021","52.89","53.37","53.79","52.77","66.49M","0.34%"
"09/29/2021","52.89","52.84","53.22","52.20","34.95M","0.00%"
"09/30/2021","52.09","52.82","53.03","52.09","44.60M","-1.51%"
"10/01/2021","53.84","52.47","53.89","52.47","41.66M","3.36%"
"10/04/2021","54.72","54.41","55.30","54.17","57.41M","1.63%"
"10/05/2021","55.04","55.50","56.05","54.47","49.01M","0.58%"
"10/06/2021","54.46","54.03","54.74","53.52","50.09M","-1.05%"
"10/07/2021","54.88","54.67","55.17","54.34","38.80M","0.77%"
"10/08/2021","56.57","55.46","56.70","55.33","43.10M","3.08%"
"10/11/2021","56.36","57.44","57.59","56.31","43.01M","-0.37%"
"10/12/2021","56.41","56.32","56.95","56.04","35.52M","0.09%"
"10/13/2021","56.36","56.00","56.65","55.37","28.95M","-0.09%"
"10/14/2021","57.05","57.00","57.29","56.48","23.38M","1.22%"
"10/15/2021","57.33","57.69","57.91","57.30","22.68M","0.49%"
"10/18/2021","57.37","57.84","58.20","57.05","32.63M","0.07%"
"10/19/2021","58.02","57.60","58.22","57.30","22.28M","1.13%"
"10/20/2021","58.49","57.53","58.49","57.36","25.11M","0.81%"
"10/21/2021","57.41","58.05","58.25","56.95","32.12M","-1.85%"
"10/22/2021","57.95","57.62","57.99","57.08","21.50M","0.94%"
"10/25/2021","58.80","58.56","59.11","58.35","25.06M","1.47%"
"10/26/2021","59.14","58.97","59.40","58.78","22.75M","0.58%"
"10/27/2021","57.44","58.49","58.81","57.32","34.00M","-2.87%"
"10/28/2021","57.85","57.24","57.90","57.21","23.37M","0.71%"
"10/29/2021","57.47","58.14","58.27","57.23","22.00M","-0.66%"
"11/01/2021","58.46","58.04","58.62","57.89","24.83M","1.72%"
"11/02/2021","57.91","58.15","58.56","57.73","17.06M","-0.94%"
"11/03/2021","57.43","57.15","58.02","56.99","23.34M","-0.83%"
"11/04/2021","57.51","58.27","58.42","57.00","38.18M","0.14%"
"11/05/2021","58.26","58.30","58.52","57.78","22.60M","1.30%"
"11/08/2021","58.79","58.72","59.40","58.47","20.01M","0.91%"
"11/09/2021","59.03","58.77","59.04","58.02","19.69M","0.41%"
"11/10/2021","57.47","58.78","58.95","57.13","36.02M","-2.64%"
"11/11/2021","57.69","57.51","58.08","57.51","24.47M","0.38%"
"11/12/2021","57.55","57.45","57.78","57.20","17.09M","-0.24%"
"11/15/2021","58.03","57.55","58.36","57.01","21.38M","0.83%"
"11/16/2021","58.12","58.17","58.59","57.85","20.48M","0.16%"
"11/17/2021","57.23","57.55","58.38","57.03","23.59M","-1.53%"
"11/18/2021","56.89","57.10","57.54","56.20","28.96M","-0.59%"
"11/19/2021","54.67","55.66","55.81","54.55","45.69M","-3.90%"
"11/22/2021","55.64","54.62","56.48","54.62","33.90M","1.77%"
"11/23/2021","57.35","56.33","57.54","56.33","33.86M","3.07%"
"11/24/2021","57.91","57.05","58.24","56.97","21.43M","0.98%"
"11/26/2021","55.58","55.04","55.76","54.14","44.72M","-4.02%"
"11/29/2021","55.90","56.87","57.35","55.72","35.44M","0.58%"
"11/30/2021","54.59","54.80","55.66","54.32","46.26M","-2.34%"
"12/01/2021","54.01","55.84","56.37","53.99","44.80M","-1.06%"
"12/02/2021","55.58","53.99","55.78","53.41","50.37M","2.91%"
"12/03/2021","55.14","56.33","56.58","54.61","37.94M","-0.79%"
"12/06/2021","55.96","55.99","56.62","55.30","31.60M","1.49%"
"12/07/2021","57.27","56.74","57.81","56.67","36.82M","2.34%"
"12/08/2021","57.26","57.59","57.87","57.14","23.45M","-0.02%"
"12/09/2021","56.82","56.90","57.05","56.47","23.36M","-0.77%"
"12/10/2021","57.24","57.43","57.47","56.22","19.53M","0.74%"
"12/13/2021","55.65","56.73","56.90","55.38","27.74M","-2.78%"
"12/14/2021","55.42","55.31","56.27","55.23","28.50M","-0.41%"
"12/15/2021","55.15","55.34","55.47","53.92","33.84M","-0.49%"
"12/16/2021","55.50","55.63","56.63","55.41","26.59M","0.63%"
"12/17/2021","54.37","55.10","55.35","53.88","34.83M","-2.04%"
"12/20/2021","53.01","52.23","53.05","51.66","35.93M","-2.50%"
"12/21/2021","54.52","53.55","54.72","53.53","25.03M","2.85%"
"12/22/2021","54.87","54.58","55.24","53.92","19.94M","0.64%"
"12/23/2021","54.90","55.11","55.66","54.88","16.69M","0.05%"
"12/27/2021","56.10","54.72","56.15","54.26","20.83M","2.19%"
"12/28/2021","56.06","56.24","56.61","55.75","17.92M","-0.07%"
"12/29/2021","55.70","55.97","56.24","55.43","15.09M","-0.64%"
"12/30/2021","55.36","55.72","56.16","55.31","13.29M","-0.61%"
"12/31/2021","55.50","55.22","55.78","55.13","13.24M","0.25%"
"01/03/2022","57.22","55.58","57.31","55.55","32.40M","3.10%"
"01/04/2022","59.20","58.00","59.43","57.81","39.23M","3.46%"
"01/05/2022","59.19","59.78","60.44","59.10","44.41M","-0.02%"
"01/06/2022","60.51","60.58","60.85","59.66","36.56M","2.23%"
"01/07/2022","61.34","60.74","61.50","60.32","35.58M","1.37%"
"01/10/2022","61.15","61.48","61.60","60.35","31.86M","-0.31%"
"01/11/2022","63.23","61.68","63.34","61.16","38.34M","3.40%"
"01/12/2022","63.35","63.57","63.74","62.89","29.62M","0.19%"
"01/13/2022","63.03","63.35","63.86","62.77","28.20M","-0.51%"
"01/14/2022","64.51","63.09","64.61","63.05","32.40M","2.35%"
"01/18/2022","64.77","65.20","65.53","63.78","40.85M","0.40%"
"01/19/2022","64.30","65.27","65.34","63.79","32.65M","-0.73%"
"01/20/2022","63.71","63.88","65.42","63.58","41.87M","-0.92%"
"01/21/2022","62.45","62.99","63.39","61.78","57.27M","-1.98%"
"01/24/2022","62.87","60.97","63.09","59.84","62.13M","0.67%"
"01/25/2022","65.31","62.63","65.55","61.47","59.07M","3.88%"
"01/26/2022","65.20","66.00","66.53","64.49","65.29M","-0.17%"
"01/27/2022","65.91","66.35","67.06","64.82","54.28M","1.09%"
"01/28/2022","65.63","65.47","66.27","64.26","52.65M","-0.42%"
"01/31/2022","65.92","65.48","66.34","64.44","31.47M","0.44%"
"02/01/2022","68.27","65.53","68.43","65.38","43.94M","3.56%"
"02/02/2022","68.49","67.92","68.62","67.08","32.51M","0.32%"
"02/03/2022","67.84","68.21","68.35","67.10","30.85M","-0.95%"
"02/04/2022","68.90","68.70","70.00","68.54","40.87M","1.56%"
"02/07/2022","69.78","68.57","70.43","68.05","32.47M","1.28%"
"02/08/2022","68.28","69.57","69.71","67.80","37.88M","-2.15%"
"02/09/2022","68.85","68.44","69.38","68.27","35.24M","0.83%"
"02/10/2022","68.42","68.51","69.74","67.97","37.29M","-0.62%"
"02/11/2022","70.41","68.88","70.50","68.45","46.52M","2.91%"
"02/14/2022","68.75","69.98","70.06","67.93","49.76M","-2.36%"
"02/15/2022","68.03","67.06","68.19","66.68","42.93M","-1.05%"
"02/16/2022","68.58","68.57","69.77","68.16","36.47M","0.81%"
"02/17/2022","68.47","68.52","69.18","67.94","33.80M","-0.16%"
"02/18/2022","68.05","67.50","68.59","67.39","31.65M","-0.61%"
"02/22/2022","66.95","70.11","70.11","65.94","45.76M","-1.62%"
"02/23/2022","67.64","67.34","68.16","66.95","33.49M","1.03%"
"02/24/2022","67.11","69.08","69.16","65.36","61.65M","-0.78%"
"02/25/2022","68.88","67.26","68.95","67.26","39.21M","2.64%"
"02/28/2022","70.58","68.39","70.66","68.01","46.84M","2.47%"
"03/01/2022","71.29","71.21","72.49","70.29","61.57M","1.01%"
"03/02/2022","72.92","72.38","73.50","72.03","45.38M","2.29%"
"03/03/2022","73.12","72.21","73.62","72.06","44.43M","0.27%"
"03/04/2022","75.23","73.11","75.27","72.92","52.63M","2.89%"
"03/07/2022","76.34","76.01","77.56","74.64","65.44M","1.48%"
"03/08/2022","77.54","78.08","80.22","75.33","97.69M","1.57%"
"03/09/2022","75.17","74.70","76.94","73.50","86.78M","-3.06%"
"03/10/2022","77.47","76.06","77.67","75.52","68.79M","3.06%"
"03/11/2022","76.85","76.23","77.81","76.11","45.92M","-0.80%"
"03/14/2022","74.55","75.21","75.74","73.55","50.75M","-2.99%"
"03/15/2022","71.82","71.66","72.65","70.44","62.26M","-3.66%"
"03/16/2022","71.49","72.09","72.72","70.74","53.77M","-0.46%"
"03/17/2022","73.95","72.76","74.14","72.31","38.18M","3.44%"
"03/18/2022","73.88","73.82","74.38","73.32","29.28M","-0.09%"
"03/21/2022","76.13","74.66","76.37","74.62","34.36M","3.05%"
"03/22/2022","75.57","75.81","76.23","74.71","30.86M","-0.74%"
"03/23/2022","76.87","76.99","77.58","76.62","29.33M","1.72%"
"03/24/2022","77.06","77.16","77.82","76.54","26.29M","0.25%"
"03/25/2022","78.75","76.60","78.85","76.54","28.05M","2.19%"
"03/28/2022","76.80","77.13","77.16","76.31","34.65M","-2.48%"
"03/29/2022","76.60","75.08","76.64","74.19","33.61M","-0.26%"
"03/30/2022","77.49","77.34","78.04","76.86","24.84M","1.16%"
"03/31/2022","76.44","76.76","78.21","76.43","32.58M","-1.36%"
"04/01/2022","77.06","76.34","77.78","76.29","24.81M","0.81%"
"04/04/2022","77.16","77.56","77.81","76.34","22.95M","0.13%"
"04/05/2022","75.95","77.30","78.49","75.86","27.21M","-1.57%"
"04/06/2022","76.40","76.78","77.47","75.97","32.16M","0.59%"
"04/07/2022","77.40","76.76","77.66","75.34","27.01M","1.31%"
"04/08/2022","79.53","77.61","79.75","77.61","26.71M","2.75%"
"04/11/2022","77.14","78.68","78.70","76.96","26.09M","-3.01%"
"04/12/2022","78.42","78.70","79.85","78.26","31.94M","1.66%"
"04/13/2022","79.59","79.38","79.81","78.07","23.73M","1.49%"
"04/14/2022","79.85","79.21","80.48","79.09","25.93M","0.33%"
"04/18/2022","81.02","80.51","81.50","80.01","30.38M","1.47%"
"04/19/2022","80.36","80.60","81.39","79.89","22.85M","-0.81%"
"04/20/2022","80.67","80.57","81.10","79.79","25.57M","0.39%"
"04/21/2022","78.11","81.15","81.51","77.81","32.54M","-3.17%"
"04/22/2022","76.20","77.80","78.92","76.17","35.75M","-2.45%"
"04/25/2022","73.68","73.80","74.07","71.00","55.20M","-3.31%"
"04/26/2022","73.78","74.23","75.80","73.59","44.58M","0.14%"
"04/27/2022","74.86","74.25","75.59","72.92","44.56M","1.46%"
"04/28/2022","77.13","75.35","77.75","73.89","43.05M","3.03%"
"04/29/2022","75.15","77.26","77.71","74.89","39.71M","-2.57%"
"05/02/2022","76.35","74.69","76.38","74.46","51.48M","1.60%"
"05/03/2022","78.49","76.49","78.85","76.44","41.49M","2.80%"
"05/04/2022","81.75","80.00","81.92","78.98","45.38M","4.15%"
"05/05/2022","80.52","82.33","82.41","78.88","46.60M","-1.50%"
"05/06/2022","82.92","81.56","82.93","79.93","47.12M","2.98%"
"05/09/2022","76.06","81.14","81.21","75.75","53.02M","-8.27%"
"05/10/2022","76.75","77.23","78.69","75.13","56.35M","0.91%"
"05/11/2022","77.78","78.03","80.33","77.65","49.76M","1.34%"
"05/12/2022","78.11","77.75","78.15","75.68","44.93M","0.42%"
"05/13/2022","80.78","79.27","81.10","79.13","29.56M","3.42%"
"05/16/2022","82.91","81.07","83.76","81.02","27.98M","2.64%"
"05/17/2022","83.87","84.03","84.38","83.12","28.07M","1.16%"
"05/18/2022","81.72","84.47","84.57","80.74","33.16M","-2.56%"
"05/19/2022","81.42","79.86","82.79","79.86","35.72M","-0.37%"
"05/20/2022","81.77","82.42","83.39","80.13","31.92M","0.43%"
"05/23/2022","83.93","82.74","84.22","82.22","26.18M","2.64%"
"05/24/2022","84.25","83.00","84.60","82.36","26.48M","0.38%"
"05/25/2022","85.99","84.54","86.11","84.42","26.27M","2.07%"
"05/26/2022","86.94","86.51","87.58","86.45","21.34M","1.10%"
"05/27/2022","88.53","86.55","88.77","86.34","18.67M","1.83%"
"05/31/2022","87.20","89.99","90.46","86.73","39.34M","-1.50%"
"06/01/2022","88.62","88.30","89.26","87.33","27.87M","1.63%"
"06/02/2022","88.34","88.00","88.96","87.46","26.28M","-0.32%"
"06/03/2022","89.51","88.45","89.79","88.35","20.53M","1.32%"
"06/06/2022","89.41","89.94","90.00","88.93","16.69M","-0.11%"
"06/07/2022","92.08","89.35","92.20","89.28","25.58M","2.99%"
"06/08/2022","92.28","92.53","93.31","91.71","28.49M","0.22%"
"06/09/2022","90.24","91.49","92.07","90.14","24.45M","-2.21%"
"06/10/2022","88.71","89.20","90.54","87.68","31.27M","-1.70%"
"06/13/2022","84.08","86.02","86.11","82.41","44.58M","-5.22%"
"06/14/2022","84.24","85.77","86.87","83.14","34.68M","0.19%"
"06/15/2022","82.38","84.05","84.47","80.99","43.14M","-2.21%"
"06/16/2022","77.74","80.19","80.63","77.07","57.85M","-5.63%"
"06/17/2022","73.49","77.20","77.77","72.60","64.23M","-5.47%"
"06/21/2022","76.44","74.61","76.96","74.48","34.70M","4.01%"
"06/22/2022","73.38","72.76","74.67","72.36","40.95M","-4.00%"
"06/23/2022","70.66","73.73","74.26","69.47","56.42M","-3.71%"
"06/24/2022","71.59","71.87","73.11","70.83","47.40M","1.32%"
"06/27/2022","73.69","72.42","74.19","72.33","33.58M","2.93%"
"06/28/2022","75.68","75.44","76.90","74.54","38.75M","2.70%"
"06/29/2022","73.05","76.73","76.99","72.84","35.40M","-3.48%"
"06/30/2022","71.51","71.48","73.36","70.87","37.60M","-2.11%"
"07/01/2022","72.58","72.38","72.89","70.13","34.60M","1.50%"
"07/05/2022","69.70","71.08","71.42","68.19","44.57M","-3.97%"
"07/06/2022","68.51","68.95","70.19","66.45","47.93M","-1.71%"
"07/07/2022","70.98","70.37","71.54","70.20","33.62M","3.61%"
"07/08/2022","70.95","71.84","72.14","69.96","21.97M","-0.04%"
"07/11/2022","70.27","70.06","70.86","69.33","22.74M","-0.96%"
"07/12/2022","68.90","68.43","69.31","67.66","32.27M","-1.95%"
"07/13/2022","68.79","67.90","70.23","67.90","29.39M","-0.16%"
"07/14/2022","67.49","66.38","67.57","65.48","36.55M","-1.89%"
"07/15/2022","68.59","68.96","69.03","67.57","29.96M","1.63%"
"07/18/2022","70.16","70.42","71.32","69.83","25.65M","2.29%"
"07/19/2022","72.32","70.06","72.50","70.04","24.24M","3.08%"
"07/20/2022","73.02","71.52","73.35","71.22","20.92M","0.97%"
"07/21/2022","71.74","71.02","71.81","69.66","21.56M","-1.75%"
"07/22/2022","71.15","71.98","72.69","70.74","20.42M","-0.82%"
"07/25/2022","73.76","72.13","73.83","71.27","19.47M","3.67%"
"07/26/2022","73.09","74.64","74.96","72.60","18.57M","-0.91%"
"07/27/2022","74.74","73.56","75.11","72.81","22.38M","2.26%"
"07/28/2022","75.16","75.41","75.93","73.77","23.22M","0.56%"
"07/29/2022","78.42","76.53","78.66","76.38","25.83M","4.34%"
"08/01/2022","76.80","77.08","77.28","75.77","25.67M","-2.07%"
"08/02/2022","76.62","76.81","77.39","75.94","19.93M","-0.23%"
"08/03/2022","74.42","76.94","77.17","73.96","28.48M","-2.87%"
"08/04/2022","71.66","73.91","74.12","71.39","27.95M","-3.71%"
"08/05/2022","73.08","70.69","73.71","70.69","22.59M","1.98%"
"08/08/2022","73.46","73.00","74.12","72.89","18.88M","0.52%"
"08/09/2022","74.75","74.50","75.70","74.37","17.34M","1.76%"
"08/10/2022","75.29","74.92","75.71","73.44","17.39M","0.72%"
"08/11/2022","77.88","76.70","78.54","76.47","29.59M","3.44%"
"08/12/2022","78.47","77.30","78.51","77.07","19.19M","0.76%"
"08/15/2022","76.94","75.63","77.36","74.94","20.74M","-1.95%"
"08/16/2022","76.76","77.05","77.86","76.28","19.68M","-0.23%"
"08/17/2022","77.40","76.41","78.20","76.21","22.74M","0.83%"
"08/18/2022","79.48","78.26","79.56","78.12","23.32M","2.69%"
"08/19/2022","79.46","79.28","80.01","78.82","19.74M","-0.03%"
"08/22/2022","79.31","78.78","79.80","77.48","22.64M","-0.19%"
"08/23/2022","82.17","80.61","82.79","80.55","27.18M","3.61%"
"08/24/2022","83.18","82.18","83.29","81.81","24.50M","1.23%"
"08/25/2022","83.82","83.66","84.24","83.01","19.85M","0.77%"
"08/26/2022","82.84","83.65","84.56","82.47","19.32M","-1.17%"
"08/29/2022","84.09","82.80","85.18","82.59","25.85M","1.51%"
"08/30/2022","81.24","82.65","82.67","80.57","28.80M","-3.39%"
"08/31/2022","80.50","79.23","81.84","78.94","29.10M","-0.91%"
"09/01/2022","78.52","79.31","79.61","77.42","28.30M","-2.46%"
"09/02/2022","79.96","80.45","81.02","79.53","28.59M","1.83%"
"09/06/2022","79.22","80.71","80.98","78.89","22.75M","-0.93%"
"09/07/2022","78.30","77.49","78.64","76.78","30.20M","-1.16%"
"09/08/2022","78.64","78.65","79.03","77.69","26.81M","0.43%"
"09/09/2022","80.60","80.08","80.98","79.46","19.34M","2.49%"
"09/12/2022","82.08","81.78","82.97","81.08","20.75M","1.84%"
"09/13/2022","80.01","80.80","82.18","79.65","30.55M","-2.52%"
"09/14/2022","82.27","80.76","82.85","80.76","27.16M","2.82%"
"09/15/2022","80.15","80.81","81.15","79.75","27.90M","-2.58%"
"09/16/2022","78.44","79.90","79.96","77.30","35.20M","-2.13%"
"09/19/2022","77.64","75.46","77.69","75.28","18.52M","-1.02%"
"09/20/2022","77.10","77.10","77.54","76.19","21.11M","-0.70%"
"09/21/2022","75.97","78.55","78.66","75.94","34.27M","-1.47%"
"09/22/2022","75.70","77.35","77.60","75.64","28.87M","-0.36%"
"09/23/2022","70.48","72.76","72.90","69.94","52.74M","-6.90%"
"09/26/2022","68.75","70.04","70.92","68.66","36.08M","-2.45%"
"09/27/2022","69.52","69.94","70.81","69.13","33.78M","1.12%"
"09/28/2022","72.60","70.22","73.00","69.80","31.47M","4.43%"
"09/29/2022","72.60","72.07","72.75","70.80","24.28M","0.00%"
"09/30/2022","72.02","71.85","73.01","71.34","21.68M","-0.80%"
"10/03/2022","76.09","74.61","76.49","74.49","34.78M","5.65%"
"10/04/2022","79.36","77.63","79.43","77.02","32.96M","4.30%"
"10/05/2022","81.00","79.33","81.63","78.65","30.64M","2.07%"
"10/06/2022","82.44","80.34","82.69","80.28","26.27M","1.78%"
"10/07/2022","81.80","82.64","83.53","81.22","28.46M","-0.78%"
"10/10/2022","80.12","82.12","82.82","79.86","23.12M","-2.05%"
"10/11/2022","79.48","78.62","80.85","78.29","26.79M","-0.80%"
"10/12/2022","80.12","78.96","80.68","78.44","20.55M","0.81%"
"10/13/2022","83.39","79.07","83.71","79.05","34.95M","4.08%"
"10/14/2022","80.28","82.48","83.67","80.12","26.76M","-3.73%"
"10/17/2022","81.28","81.54","82.62","81.05","18.99M","1.25%"
"10/18/2022","81.99","81.95","82.75","80.41","25.14M","0.87%"
"10/19/2022","84.41","82.23","84.72","82.20","31.26M","2.95%"
"10/20/2022","84.49","85.05","85.83","83.98","25.26M","0.09%"
"10/21/2022","86.93","84.99","87.08","84.77","25.27M","2.89%"
"10/24/2022","87.34","86.88","87.95","86.41","22.26M","0.47%"
"10/25/2022","87.43","87.00","87.83","86.53","18.81M","0.10%"
"10/26/2022","88.62","87.76","89.32","87.70","22.71M","1.36%"
"10/27/2022","88.94","89.84","90.44","88.67","24.95M","0.36%"
"10/28/2022","89.25","89.90","90.63","87.65","24.66M","0.35%"
"10/31/2022","90.00","88.37","91.18","88.27","29.54M","0.84%"
"11/01/2022","90.87","91.51","91.55","90.32","21.76M","0.97%"
"11/02/2022","88.68","90.58","91.05","88.47","28.14M","-2.41%"
"11/03/2022","90.32","88.14","90.82","87.89","26.79M","1.85%"
"11/04/2022","91.42","92.33","93.02","90.14","30.30M","1.22%"
"11/07/2022","92.99","91.61","93.28","91.45","19.35M","1.72%"
"11/08/2022","93.08","92.81","93.48","91.93","21.84M","0.10%"
"11/09/2022","88.53","91.82","92.11","88.33","31.47M","-4.89%"
"11/10/2022","90.50","90.36","90.60","88.50","29.24M","2.23%"
"11/11/2022","93.13","92.11","93.60","92.06","25.54M","2.91%"
"11/14/2022","93.10","92.86","94.71","92.85","23.06M","-0.03%"
"11/15/2022","94.08","93.45","94.32","92.84","25.74M","1.05%"
"11/16/2022","92.16","93.24","93.81","91.68","23.51M","-2.04%"
"11/17/2022","92.36","90.75","92.44","90.28","21.43M","0.22%"
"11/18/2022","91.63","90.65","91.88","89.51","23.68M","-0.79%"
"11/21/2022","90.39","89.64","90.63","87.29","42.58M","-1.35%"
"11/22/2022","93.22","91.52","93.43","91.10","26.88M","3.13%"
"11/23/2022","92.21","91.53","92.79","91.19","20.60M","-1.08%"
"11/25/2022","91.87","92.27","92.92","91.71","7.59M","-0.37%"
"11/28/2022","89.35","89.62","90.75","89.05","29.11M","-2.74%"
"11/29/2022","90.70","90.34","91.23","90.01","18.99M","1.51%"
"11/30/2022","91.15","91.71","91.89","89.71","21.87M","0.50%"
"12/01/2022","90.85","91.79","92.25","90.54","19.41M","-0.33%"
"12/02/2022","90.31","90.22","91.38","89.78","18.38M","-0.59%"
"12/05/2022","87.63","91.20","91.56","86.88","25.01M","-2.97%"
"12/06/2022","85.32","87.08","88.13","84.73","32.47M","-2.64%"
"12/07/2022","85.12","85.30","86.42","84.37","23.52M","-0.23%"
"12/08/2022","84.74","87.03","87.22","84.26","25.44M","-0.45%"
"12/09/2022","82.68","84.47","85.40","82.65","24.05M","-2.43%"
"12/12/2022","84.85","83.15","85.05","82.82","20.94M","2.62%"
"12/13/2022","86.46","86.50","87.18","85.78","27.20M","1.90%"
"12/14/2022","85.93","87.05","87.36","85.16","26.33M","-0.61%"
"12/15/2022","85.41","85.18","85.61","83.96","20.15M","-0.61%"
"12/16/2022","84.36","83.80","84.76","83.21","29.55M","-1.23%"
"12/19/2022","83.49","84.38","84.65","82.88","18.40M","-1.03%"
"12/20/2022","84.75","83.75","85.29","83.43","14.27M","1.51%"
"12/21/2022","86.36","86.48","86.75","85.21","17.02M","1.90%"
"12/22/2022","84.37","86.45","86.50","82.68","18.66M","-2.30%"
"12/23/2022","87.06","85.49","87.08","85.05","14.81M","3.19%"
"12/27/2022","87.99","87.44","88.36","87.12","16.35M","1.07%"
"12/28/2022","86.02","87.87","87.87","85.75","15.91M","-2.24%"
"12/29/2022","86.92","85.66","87.31","85.62","13.44M","1.05%"
"12/30/2022","87.47","86.46","87.64","86.45","11.33M","0.63%"
"01/03/2023","84.40","86.92","87.36","83.35","26.37M","-3.51%"
"01/04/2023","84.39","83.15","84.88","82.83","22.84M","-0.01%"
"01/05/2023","85.93","84.25","86.40","84.01","19.36M","1.82%"
"01/06/2023","87.56","87.04","88.63","86.82","22.21M","1.90%"
"01/09/2023","87.25","88.88","89.02","86.96","22.98M","-0.35%"
"01/10/2023","87.87","87.82","88.05","86.49","15.77M","0.71%"
"01/11/2023","88.14","88.64","88.86","87.18","16.43M","0.31%"
"01/12/2023","89.82","88.67","90.40","88.50","18.31M","1.91%"
"01/13/2023","89.95","89.75","90.17","88.80","15.90M","0.14%"
"01/17/2023","90.14","90.16","91.08","89.77","16.95M","0.21%"
"01/18/2023","88.49","90.56","91.57","88.40","19.00M","-1.83%"
"01/19/2023","89.59","87.98","89.95","87.79","17.11M","1.24%"
"01/20/2023","90.48","89.78","90.79","88.87","14.28M","0.99%"
"01/23/2023","90.60","91.14","91.59","90.31","14.60M","0.13%"
"01/24/2023","90.25","90.30","90.46","88.46","15.38M","-0.39%"
"01/25/2023","90.26","89.81","90.26","88.38","13.43M","0.01%"
"01/26/2023","93.11","91.72","93.15","90.60","18.31M","3.16%"
"01/27/2023","91.23","92.61","93.07","91.08","17.42M","-2.02%"
"01/30/2023","89.14","90.57","90.70","89.01","13.76M","-2.29%"
"01/31/2023","89.93","88.84","90.07","87.93","13.90M","0.89%"
"02/01/2023","88.16","89.51","89.89","87.00","23.46M","-1.97%"
"02/02/2023","86.15","87.82","87.99","85.20","24.84M","-2.28%"
"02/03/2023","85.96","86.51","87.91","85.87","22.73M","-0.22%"
"02/06/2023","85.57","86.04","86.69","84.51","15.85M","-0.45%"
"02/07/2023","88.35","86.11","88.48","85.66","20.47M","3.25%"
"02/08/2023","87.56","88.28","88.73","87.06","13.47M","-0.89%"
"02/09/2023","86.81","87.57","87.85","86.75","16.06M","-0.86%"
"02/10/2023","90.21","88.25","90.39","88.17","20.00M","3.92%"
"02/13/2023","89.98","89.75","90.32","88.82","12.36M","-0.25%"
"02/14/2023","90.01","89.27","90.67","89.02","13.17M","0.03%"
"02/15/2023","88.48","89.00","89.19","87.35","15.96M","-1.70%"
"02/16/2023","87.61","88.00","88.75","87.52","12.63M","-0.98%"
"02/17/2023","84.49","86.25","86.31","84.12","22.34M","-3.56%"
"02/21/2023","84.07","84.12","85.04","83.91","16.80M","-0.50%"
"02/22/2023","83.51","83.84","84.63","82.79","20.12M","-0.67%"
"02/23/2023","84.77","84.77","85.26","83.69","17.48M","1.51%"
"02/24/2023","84.66","83.59","84.78","83.06","18.75M","-0.13%"
"02/27/2023","84.91","84.83","85.28","84.21","15.34M","0.30%"
"02/28/2023","83.69","85.77","85.80","83.62","19.00M","-1.44%"
"03/01/2023","85.34","83.76","85.77","83.45","18.54M","1.97%"
"03/02/2023","86.09","85.19","86.41","84.92","16.40M","0.88%"
"03/03/2023","87.26","85.08","87.69","85.02","25.34M","1.36%"
"03/06/2023","87.30","86.78","87.44","86.43","16.95M","0.05%"
"03/07/2023","85.78","86.78","87.00","85.56","18.50M","-1.74%"
"03/08/2023","84.90","85.40","86.49","84.08","19.70M","-1.03%"
"03/09/2023","83.70","85.39","86.59","83.68","18.92M","-1.41%"
"03/10/2023","82.63","83.70","84.88","82.15","28.31M","-1.28%"
"03/13/2023","80.95","80.52","82.39","79.11","41.66M","-2.03%"
"03/14/2023","81.75","80.94","83.57","80.31","30.49M","0.99%"
"03/15/2023","77.36","78.75","79.35","76.24","57.52M","-5.37%"
"03/16/2023","78.20","75.66","78.40","75.36","44.08M","1.09%"
"03/17/2023","76.97","77.75","78.39","76.34","33.68M","-1.57%"
"03/20/2023","77.70","76.10","78.20","76.10","25.82M","0.95%"
"03/21/2023","80.39","79.30","80.64","79.06","29.81M","3.46%"
"03/22/2023","78.68","80.44","80.81","78.62","24.52M","-2.13%"
"03/23/2023","77.59","79.11","79.79","76.84","24.70M","-1.39%"
"03/24/2023","77.89","76.05","78.19","75.81","20.65M","0.39%"
"03/27/2023","79.55","78.71","80.00","78.08","20.08M","2.13%"
"03/28/2023","80.78","79.10","81.13","79.07","16.26M","1.55%"
"03/29/2023","81.90","81.58","81.99","81.05","18.09M","1.39%"
"03/30/2023","82.26","82.58","82.70","81.78","13.73M","0.44%"
"03/31/2023","82.83","82.47","82.96","82.17","16.15M","0.69%"
"04/03/2023","86.58","86.32","87.14","85.87","31.19M","4.53%"
"04/04/2023","85.01","86.84","86.95","84.25","24.60M","-1.81%"
"04/05/2023","86.29","85.22","86.29","84.51","20.25M","1.51%"
"04/06/2023","84.98","86.16","86.25","84.81","16.69M","-1.52%"
"04/10/2023","85.66","85.30","86.64","85.30","13.47M","0.80%"
"04/11/2023","86.47","86.14","87.01","85.65","12.78M","0.95%"
"04/12/2023","86.53","87.07","87.25","86.27","16.66M","0.07%"
"04/13/2023","87.07","86.40","87.29","86.19","15.68M","0.62%"
"04/14/2023","87.23","87.28","87.73","86.72","11.78M","0.18%"
"04/17/2023","86.20","86.94","87.30","85.90","11.88M","-1.18%"
"04/18/2023","86.54","86.00","86.76","85.57","12.24M","0.39%"
"04/19/2023","86.24","85.76","86.31","85.29","17.12M","-0.35%"
"04/20/2023","85.48","85.04","85.50","84.44","15.19M","-0.88%"
"04/21/2023","84.98","85.79","85.83","84.60","16.88M","-0.58%"
"04/24/2023","86.28","84.71","86.68","84.68","12.62M","1.53%"
"04/25/2023","84.66","85.44","85.59","84.16","15.33M","-1.88%"
"04/26/2023","83.53","84.06","84.84","83.02","19.96M","-1.33%"
"04/27/2023","83.83","83.48","84.04","82.69","17.04M","0.36%"
"04/28/2023","85.13","83.53","85.59","83.24","19.11M","1.55%"
"05/01/2023","84.17","84.06","85.08","83.72","13.91M","-1.13%"
"05/02/2023","80.51","83.16","83.29","79.74","33.80M","-4.35%"
"05/03/2023","78.99","79.48","80.41","78.96","29.59M","-1.89%"
"05/04/2023","78.11","79.02","79.82","77.87","26.41M","-1.11%"
"05/05/2023","80.23","80.27","80.86","79.79","19.54M","2.71%"
"05/08/2023","80.23","81.40","81.75","80.22","16.34M","0.00%"
"05/09/2023","80.26","79.60","81.02","79.43","20.70M","0.04%"
"05/10/2023","79.35","80.66","80.82","78.75","18.02M","-1.13%"
"05/11/2023","78.40","78.23","78.81","77.80","19.05M","-1.20%"
"05/12/2023","78.52","78.79","79.32","77.95","18.96M","0.15%"
"05/15/2023","78.92","78.81","79.37","78.19","16.24M","0.51%"
"05/16/2023","76.98","78.55","78.89","76.86","22.23M","-2.46%"
"05/17/2023","78.46","77.77","78.88","77.20","23.08M","1.92%"
"05/18/2023","79.03","77.99","79.13","77.50","16.56M","0.73%"
"05/19/2023","79.64","79.76","80.26","79.19","18.06M","0.77%"
"05/22/2023","79.31","79.34","80.12","79.19","13.42M","-0.41%"
"05/23/2023","80.16","80.07","81.07","79.86","21.39M","1.07%"
"05/24/2023","80.51","80.79","81.13","79.83","16.71M","0.44%"
"05/25/2023","79.08","79.35","79.52","78.34","19.12M","-1.78%"
"05/26/2023","78.77","79.56","79.78","78.36","14.39M","-0.39%"
"05/30/2023","77.96","77.40","78.05","77.10","20.08M","-1.03%"
"05/31/2023","76.59","76.74","77.33","76.33","22.36M","-1.76%"
"06/01/2023","77.54","76.77","78.41","76.25","25.80M","1.24%"
"06/02/2023","79.90","78.99","80.28","78.45","27.60M","3.04%"